month,closeLogDiff,diff(G1121846)_9,diff(G1000037)_12_abs,diff(G0008380)_1,logDiff(G0900698)_6_abs,logDiff(G1109167)_2_abs,logDiff(G1109077)_1
2001-01,-0.018661563479636697,-1.0,37.0,3.1,0.31508104663989545,0.01263880167901732,0.007564354749705515
2001-02,-0.013608512462426475,45.0,780.5,-2.9,0.3703737882968945,0.021849663193160396,0.0010072658158826187
2001-03,-0.01730918592448144,125.0,1745.0,-0.4,0.2170645052378275,0.024647417651333825,0.001653682537790857
2001-04,-0.020688238227858702,-62.0,124.25,0.8,0.11441035117774434,0.020207546840595114,0.003273853961935913
2001-05,-0.02435260283537591,40.0,1462.0,0.0,0.0,0.014481496978209663,0.004835637756109179
2001-06,0.009105629750808919,20.0,1950.3999999999996,-0.20000000000000007,0.1690763300439342,0.012864434165107852,0.00041573554773499666
2001-07,0.04624806312782849,-11.0,6911.75,-0.7,0.5108256237659907,0.023618292969741717,-0.0017174698975370717
2001-08,0.011215823395358357,103.0,4869.25,0.7,0.4168938039317873,0.04647306180996935,0.0011839894279841445
2001-09,-0.007232750975330243,123.0,2278.1000000000004,0.10000000000000009,0.5108256237659907,0.044834911026239155,0.014855149920981248
2001-10,-0.0195728735818282,59.0,4986.0,-0.20000000000000007,0.528844129268669,0.027792335002411406,-0.004485239158652732
2001-11,0.0032426865454232706,24.0,8437.55,0.20000000000000007,0.48342664957787607,0.02162353797491079,0.0051469925810483375
2001-12,-0.009470581162822359,88.0,9816.15,-0.7000000000000001,0.33647223662121273,0.0030497173666130806,0.007412636127259731
2002-01,-0.013890102605744456,137.0,9801.75,1.0,0.4274440148269396,0.010377711558874125,-0.0038473393995026584
2002-02,0.006897832131563197,61.0,7276.5,-1.0,0.3901976359773758,0.009769590510254389,0.0016892175076090865
2002-03,0.01123740471713243,82.0,9069.4,-0.5,0.16705408466316607,0.019067382308577407,0.0022324514365852366
2002-04,0.03491809702199691,187.0,7731.25,1.9,0.14903557916048782,0.014012073885597331,0.0024132022159051303
2002-05,0.041594955268742614,10.0,5532.549999999999,-0.6,0.1251631429540061,0.008521959010995062,0.00021723590802302795
2002-06,0.03614794138812142,-8.0,3589.7000000000007,-0.4,0.061557892999433594,0.030305781332153003,0.0068920861707120196
2002-07,-0.014403479877033531,-50.0,896.75,0.30000000000000004,0.05971923470162244,0.0176379066674599,0.003983679940057883
2002-08,0.0025448268120915954,-5.0,2802.2000000000007,-0.10000000000000009,0.030305349495329148,0.011186734712264723,0.01144140989242004
2002-09,0.0011334847126157968,-106.0,3238.0,0.5,0.0,0.02318381515250678,0.010002242586519827
2002-10,0.020247450433344482,-26.0,307.25,-0.7,0.04512043528046972,0.021446930659529073,0.015811786899403657
2002-11,0.01935044027888159,-66.0,1976.7999999999993,1.0,0.04317217186520872,0.021588534121450564,0.011722145996454714
2002-12,0.04045528807693931,-18.0,1089.5,-0.3999999999999999,0.030305349495329148,0.02998064537624323,0.01071094853481469
2003-01,0.013747207831162615,-152.0,4236.799999999999,-0.6000000000000001,0.0,0.0038697073959550465,0.002956542289616948
2003-02,0.0012079247681369976,-124.0,5787.0,0.6000000000000001,0.085766821757425,0.0035287427728238896,0.007129094675505598
2003-03,0.0069694966153130145,-14.0,5968.549999999999,-0.30000000000000004,0.1950605825713847,0.028575307872168665,0.005056211048133363
2003-04,0.06306468845918568,-11.0,5982.5,0.5,0.17494144949633217,0.030393885528205544,0.008420471769822413
2003-05,0.008068980051100405,-72.0,4580.0,-0.6000000000000001,0.21465693743689118,0.04511559108669516,0.01139346645419792
2003-06,-0.025770862034692033,75.0,3776.0,-0.39999999999999997,0.25642952894767657,0.031665003567034944,0.00645696829089637
2003-07,-0.019690657928504843,-78.0,2387.25,0.39999999999999997,0.29152084875894646,0.003966344039570302,0.009134439708391895
2003-08,0.009168480963039197,-25.0,2723.4000000000015,0.5,0.18687737332981547,0.002576067419582273,0.0003556521510343913
2003-09,0.03833913426823063,-36.0,2112.0,-0.6,0.037271394797231405,0.006122624176514435,0.0001094800082483971
2003-10,0.0016027901038442594,-37.0,1676.3500000000004,0.6,0.0,0.0058582685243493415,-0.005925709495206988
2003-11,0.04999517267385506,151.0,3010.25,-0.8999999999999999,0.12062798778861472,0.020680422910904994,0.004454673553103916
2003-12,0.023176564635573327,-30.0,7980.25,0.39999999999999997,0.11332868530700324,0.02462728735992492,0.00928475835245024
2004-01,0.002987005210907945,-6.0,4876.200000000001,0.20000000000000007,0.13517477836825265,0.01556124477009746,0.005813957243995915
2004-02,-0.030041395059486165,46.0,3126.25,-0.20000000000000007,0.22884157242884773,0.015302807920150485,0.012934586386753821
2004-03,-0.0223380219339539,-7.0,5727.0,0.7,0.2323319773686161,0.019936804120007423,0.013850330826400636
2004-04,0.0015021936109800016,50.0,5378.700000000001,-0.7999999999999999,0.2835752904991278,0.05673778055999357,0.009791369644409187
2004-05,0.010795860572701044,52.0,4097.549999999999,-0.7,0.34937564145712097,0.04437368563755584,0.00566715392863415
2004-06,0.00995681720842495,77.0,5494.75,0.9,0.3101549283038394,0.04298098597887723,0.005880592094547055
2004-07,-0.006291106147181008,90.0,5562.549999999999,0.09999999999999998,0.25319589638061135,0.01581357625192048,0.005597601197347757
2004-08,0.0031913989724990377,-44.0,5589.299999999999,-0.4,0.2595111954850844,0.04897760524586303,0.003734442616629252
2004-09,0.022197273993516703,29.0,6766.75,0.7,0.04725288485054535,0.04591203559047585,0.01053962640135353
2004-10,0.039308121920436256,8.0,7959.6,-0.5,0.07878087785311427,0.05693499607103725,0.005367545370638993
2004-11,0.03120706851169125,59.0,4356.75,0.20000000000000007,0.151549898127201,0.04190957164593456,0.005139274592615095
2004-12,-0.022966613039194672,55.0,1154.3999999999996,-1.1,0.16705408466316607,0.013862839454441556,0.011450740295542161
2005-01,-0.0070940103658926335,-22.0,1487.25,2.2,0.19912867511033583,0.0188206273566216,0.018994711197947822
2005-02,0.012217081341890534,114.0,2442.75,-1.1,0.2876820724517808,0.020386115422171613,0.0089815989368347
2005-03,-0.0183015080853432,-35.0,634.5,-0.4,0.14953173397096364,0.01953547083633289,0.011733776423092479
2005-04,-0.0199652990650504,13.0,1036.800000000001,0.09999999999999998,0.14107859825990543,0.021305420527779617,0.005646310209952432
2005-05,-0.042310610472245935,53.0,518.25,0.4,0.1586050301766384,0.013912831824844929,0.007599406647702978
2005-06,-0.009046737273840477,44.0,73.75,5.6,0.2323319773686161,0.019356025005446753,0.005882728131629378
2005-07,0.020667580511208872,-8.0,2614.6000000000004,-5.199999999999999,0.16598513747426114,0.01540323612195671,0.012510646764299693
2005-08,-0.004403984822185486,-53.0,1899.25,-0.7999999999999999,0.15415067982725827,0.009710071977844237,0.009683878579929583
2005-09,-0.017834140975128587,-56.0,627.25,0.0,0.18924199963852817,0.011575680156122203,0.005685004263664695
2005-10,-0.019502904007440452,69.0,1684.9500000000007,0.20000000000000007,0.12361395596717673,0.0009512224457441931,0.0049730079221212975
2005-11,0.005208054835242032,-42.0,872.75,-0.20000000000000007,0.07696104113612856,0.002476043788247395,0.0020556729067671142
2005-12,0.021766203111780236,-62.0,3203.800000000001,0.30000000000000004,0.059188871390330355,0.013607630647696212,0.011651082137984048
2006-01,-0.014720026372096101,-86.0,344.75,-0.20000000000000007,0.04820210181787754,0.013209757021234836,0.005514428035340302
2006-02,0.0073815530539302066,-59.0,1093.75,0.0,0.0,0.01742953501533151,0.007268599928655917
2006-03,0.020690451235684554,-25.0,205.85000000000036,-0.19999999999999996,0.011428695823623158,0.028169660818019082,0.0074308978028394534
2006-04,0.0388041423459449,36.0,1328.3500000000004,0.5,0.11000089521432876,0.02990331211240438,0.012646733720488967
2006-05,-0.00814871122917496,34.0,423.5,-0.09999999999999998,0.10536051565782634,0.019623687520974542,0.011643218500475783
2006-06,0.002126173764762318,-35.0,462.89999999999964,-0.7,0.022728251077556383,0.011786231858449625,0.005550088015072063
2006-07,0.00912025745756545,-34.0,654.8999999999996,-0.4,0.0,0.012897124894564627,0.0047807425675454596
2006-08,-0.006021745223122155,-59.0,1721.5,0.5,0.0,0.016962505818874263,0.007779371351684716
2006-09,-0.008586565488100384,-27.0,2681.6000000000004,0.39999999999999997,0.02298951822469908,0.024386762537304207,0.0009738351231334264
2006-10,0.02121044354339685,-42.0,2869.5,-0.7,0.16989903679539742,0.06114308382599809,0.020871947646208255
2006-11,0.02359371841201896,-84.0,2253.0,0.8,0.022472855852058604,0.04863628180900115,0.00701319954484525
2006-12,-0.016090284547448597,-48.0,3174.800000000001,1.3,0.06524052186840112,0.012347790487318377,0.011372915800819783
2007-01,0.0075180656261280565,-71.0,2212.25,-2.1,0.11641035184441106,0.017471539782178525,0.005868937059197776
2007-02,0.01231276471509729,-16.0,5002.75,0.6,0.04652001563489305,0.013065984203748826,0.006625773965179604
2007-03,0.019672228778717882,-57.0,2954.0,0.09999999999999998,0.13062018241706452,0.007217431866028079,-0.0057920927223147345
2007-04,-0.00031202945835739904,-108.0,5021.75,-0.7,0.07145896398214457,0.0031815663557335228,0.007426791196872173
2007-05,-0.0063996424590084255,-104.0,5452.0,0.8,0.06595796779179741,0.007893766206727548,0.005413986109715552
2007-06,0.022030194715647045,38.0,6916.800000000001,-0.30000000000000004,0.02083408690284161,0.008003393271087234,0.00786824944151654
2007-07,-0.007484644660317785,47.0,7692.25,0.30000000000000004,0.14310084364067333,0.006688466899058554,0.00875994381823908
2007-08,0.02175578727251104,9.0,8440.45,-1.1,0.17662353567931666,0.030162784061706915,0.011641767296120875
2007-09,0.02242802465128485,48.0,7011.15,0.8999999999999999,0.059423420470800625,0.048719127517282246,0.015739032500050598
2007-10,0.030854605247431777,0.0,11898.75,-0.7,0.2525907526405109,0.03038484966363697,0.009539452924510528
2007-11,-0.008882899081397277,-74.0,11412.349999999999,0.7,0.14805309995913962,0.0167352296481571,0.010089205018051217
2007-12,0.011811077371303547,7.0,6275.65,-1.0,0.030459207484708983,0.010080601885485763,0.005976348296435674
2008-01,0.0023905678058590007,81.0,4961.0,0.8,0.0,0.017352169051498834,0.0032595707212621505
2008-02,0.05080091921290325,46.0,3841.0,-0.6000000000000001,0.0281708769666964,0.02508544994881845,0.005317937095545844
2008-03,0.014911984912785003,-32.0,6047.4,0.6000000000000001,0.0492710490067827,0.002957789330903182,0.005612989432068005
2008-04,-0.012728154383030377,21.0,4785.75,-0.9,0.08376988306545874,0.0038436570209281484,0.0009776712271296617
2008-05,0.00034937121881484234,71.0,2043.0,0.9,0.046956983087770965,0.0129683803424534,0.0004984299882462295
2008-06,0.01258981371822282,26.0,408.4500000000007,-0.4,0.040821994520255256,0.00335522235591057,-0.0008636381241213797
2008-07,-0.05308324828269828,98.0,551.25,-0.7,0.14310084364067333,0.0027653671880223385,0.00015745117331356084
2008-08,-0.040412665790032,247.0,236.59999999999854,0.49999999999999994,0.13883644485421565,6.322387995894019e-05,-0.0007651494771891976
2008-09,-0.07769636521349305,217.0,1884.0,1.8,0.11778303565638337,0.007696044140168112,0.005298258978490011
2008-10,-0.043180424950078095,108.0,1782.4000000000015,0.7999999999999998,0.10212949507637958,0.011453399785219531,0.050148585159343284
2008-11,0.06164703846620581,131.0,2249.0999999999985,-2.6,0.14458122881110747,0.004884267270350406,-0.007836976044533372
2008-12,-0.020877263487020292,194.0,4855.0,0.8,0.16989903679539742,0.004051566184744004,-0.008497078027012606
2009-01,-0.03425088282349967,54.0,8881.45,1.7999999999999998,0.16705408466316607,0.00226975191310963,-0.00019175059458831356
2009-02,0.020671961606123807,-31.0,9055.0,-1.4,0.26662866325394874,0.010041882588986084,0.003613441948292717
2009-03,0.009534214313597522,23.0,9676.0,-0.6,0.35020242943311497,0.03130191215431388,-0.0025784414165528347
2009-04,0.03497393130977261,-11.0,7603.25,0.7000000000000001,0.4382549309311554,0.020018284965274802,-0.005199044576936984
2009-05,0.024777698780516166,-115.0,6682.0,-0.7000000000000001,0.5485659517488379,0.024525809964508483,0.005125871708941077
2009-06,0.00506181294384217,-176.0,7165.75,0.7999999999999999,0.5026288565618122,0.005254784836425941,-0.0007648714103609677
2009-07,0.012988789200087558,-40.0,6218.799999999999,0.10000000000000009,0.537142932083364,0.025524580934389363,-0.006692636732633872
2009-08,0.02060953275153571,-85.0,6245.299999999999,-0.6000000000000001,0.49247648509779407,0.03167417598686306,-0.004956278596836228
2009-09,0.01734744957926454,-110.0,4831.5,0.6000000000000001,0.5717863235556779,0.01392170932022374,-0.009348590786057542
2009-10,0.00735783358290204,2.0,11816.000000000002,-0.19999999999999996,0.8754687373538999,0.025231570915446255,-0.01053281134724493
2009-11,-0.02425467596440617,99.0,6972.5,-0.7000000000000001,1.0608719606852626,0.021690345646467435,0.00785243304174088
2009-12,-0.02085686583345181,41.0,3574.25,0.4,1.1192315758708453,0.008607221527347164,-0.004210530092862541
2010-01,-0.042066381734736646,42.0,82.0,0.19999999999999996,0.8622235106038795,0.0018384133445294992,-0.007875808363536407
2010-02,-0.007821709822320111,-27.0,780.0,-0.5,1.0116009116784799,0.008430523223655229,-0.0067706424102897955
2010-03,-0.010971669268079187,74.0,2781.25,-0.2,0.9162907318741551,0.007450806723111825,0.0036500660721738853
2010-04,-0.06904573124294874,39.0,2548.1000000000004,0.8,0.7339691750802005,0.0046970418402842995,0.03742960228406922
2010-05,-0.026086038150266194,131.0,2084.75,-0.7000000000000001,0.25131442828090617,0.0033480922310413774,-0.005040363132355452
2010-06,0.047325005600762055,8.0,5223.25,0.09999999999999998,0.20763936477824457,0.009140612074865828,-0.00511450650266454
2010-07,0.007451604581604904,0.0,4618.199999999999,-0.4,0.11122563511022432,0.008400322129549664,0.0035321776333390176
2010-08,0.014964425824003535,-66.0,3683.75,0.19999999999999998,0.17185025692665906,0.01500961768860165,0.0031137977018893537
2010-09,0.06004827835532911,-119.0,3909.25,-0.6,0.3566749439387324,0.014048242907698238,4.9462430418145686e-05
2010-10,-0.018820052871563686,-57.0,3338.0,0.3,0.5596157879354228,0.003317010887993632,0.001083371462360816
2010-11,-0.03086786207054565,-17.0,2993.5,0.2,0.4519851237430574,0.0038985651989182912,0.0017498699440601229
2010-12,0.011101377466327056,27.0,4119.6,0.3,0.4795730802618863,0.010799219667964266,-0.0027505562659015936
2011-01,0.02126665013683937,-15.0,5239.450000000001,-0.4,0.2578291093020999,0.003133079230300595,-0.0042009806105092196
2011-02,0.02592029541483115,-85.0,4696.5,0.0,0.1910552367627092,0.004566970325727837,-0.004166428222383445
2011-03,0.03163747127550892,0.0,3309.75,0.1,0.30010459245033816,0.007213314614931576,-0.0006694898553192274
2011-04,-0.010165417927941622,48.0,461.2000000000007,-0.5,0.213574100298059,0.016260470148877104,0.0020815498757471573
2011-05,0.0051815473470254725,45.0,1471.0,0.3,0.04445176257083361,0.02136231351316553,-0.0005793235670736863
2011-06,-0.007304139720708203,165.0,3186.0,0.3,0.13353139262452252,0.02938438138106214,0.00061895543418089
2011-07,0.003089761453825113,85.0,7214.4,-0.19999999999999998,0.0,0.0032408386276330248,0.0019121760605607108
2011-08,-0.04195631444066672,119.0,4588.5,0.6,0.0,0.0010650763740365221,0.004385642625496899
2011-09,-0.0018825639624946988,53.0,3402.2999999999993,-0.6,0.1177830356563836,0.025294367590865008,0.0025021706571912716
2011-10,-0.012456532814293708,171.0,1150.1499999999996,0.0,0.31365755885504165,0.006148513809051792,0.0033561593090212227
2011-11,-0.03035029432555736,123.0,1601.25,0.1,0.1910552367627092,0.0057639973864063165,0.00564076206966746
2011-12,-0.018141909878132967,64.0,4795.800000000001,0.0,0.18232155679395456,0.007664857928839197,0.001402494106226726
2012-01,0.024982659669850638,-9.0,5075.0,0.2,0.0,0.0028687925591608376,0.006450717167346909
2012-02,-0.0019845798571486717,120.0,7664.25,-0.30000000000000004,0.12260232209233246,0.02282629228172084,0.011554700479774027
2012-03,-0.003773281836735809,128.0,7634.0,0.5,0.25593337413720074,0.03809812099929921,0.0029035136338428913
2012-04,-0.0289768399716884,69.0,5040.15,-1.1,0.23361485118150516,0.007473904988204438,0.0041551634156142825
2012-05,-0.01898783619300093,-80.0,2390.5,1.5,0.38776553100876343,0.010435165215307407,0.003103559566174141
2012-06,-0.020576940550543543,-44.0,1794.0499999999993,-0.5,0.4382549309311553,0.01234501258116616,0.002150880739201
2012-07,0.0091686010214313,-219.0,461.25,0.8,0.4054651081081643,0.008746708207533871,0.00455963134587023
2012-08,0.03712891613216393,-68.0,3593.55,-0.7000000000000001,0.17589066646366425,0.0080437008880061,0.0042634306032702796
2012-09,0.007499022874034034,-2.0,4756.950000000001,-0.09999999999999998,0.06252035698133396,0.015900894145525868,0.0035546499802876497
2012-10,-0.010185367193229322,95.0,4846.25,0.4,0.5355182363563622,0.012659182497587906,0.0017993278571424298
2012-11,0.022187792878348378,-121.0,4298.25,-0.5,0.45198512374305744,0.013410526291547598,0.006195583188681297
2012-12,0.013568368270335085,-105.0,2446.0499999999993,-0.2,0.35020242943311497,0.010566838052447736,0.00420283994436943
2013-01,0.0024595456918566905,-10.0,3636.5,-0.1,0.26469255422708216,0.011019809684011506,0.004006657729977547
2013-02,-0.02918587840640635,48.0,530.5,0.7000000000000001,0.30368241379822214,0.003149184788979298,0.0012711105015270618
2013-03,0.005456428374471967,47.0,1568.3999999999996,-0.20000000000000007,0.2170645052378275,0.00956265865694128,-0.00040219794308526957
2013-04,-0.003657408359699632,21.0,1881.0,0.20000000000000007,0.13657553500575093,0.006525521427034775,0.006133719906934232
2013-05,0.016940655817786088,-1.0,2853.6499999999996,-0.30000000000000004,0.04445176257083361,0.011948701835072129,0.0004839841532309208
2013-06,-0.007918680208640116,79.0,3304.7000000000007,-0.5,0.04652001563489283,0.0029603092399810294,0.0008821606366353762
2013-07,0.01689561537143691,-66.0,3819.25,0.6,0.09763846956391609,0.018867708103906367,-0.0009219916234393111
2013-08,0.003055381860311124,-34.0,2359.0,0.09999999999999998,0.0,0.008351680714206111,-0.0009336673222968273
2013-09,0.020695404639623327,-18.0,2314.0,-0.09999999999999998,0.10265415406008316,0.0057469599356778645,0.0006430235411940544
2013-10,-0.010407368453906274,-146.0,2602.0,0.09999999999999998,0.3844116989103321,0.004113915022884385,0.0035337100536061428
2013-11,0.015065681265524267,-77.0,1432.8000000000002,-0.29999999999999993,0.3321338350226146,0.013947937701557223,0.003580051519733729
2013-12,-0.006383226988173896,-121.0,2200.3500000000004,-0.7,0.5596157879354229,0.009470417643386853,0.0027577831808898168
2014-01,0.003954217327904186,-72.0,653.9499999999998,0.8999999999999999,0.5280674302004967,0.004645329292300104,0.0035827649206545686
2014-02,0.011292268413987672,-128.0,1136.5,0.0,0.5596157879354229,0.015705303415346705,0.007930868305290772
2014-03,-0.0010151569430138507,-234.0,127.60000000000036,-0.09999999999999998,0.5663954749208016,0.017545544536375246,0.007602437633146053
2014-04,-0.005687450654158099,-165.0,1682.75,-0.4,0.5753641449035618,0.0055618007045321605,0.004307702627919241
2014-05,-0.009672839721103221,-4.0,1119.8000000000002,0.5,0.36101334553733067,0.01190330908074877,0.00593576983472488
2014-06,-0.00461805141456767,-120.0,2.75,0.0,0.042559614418795966,0.019268578946567416,0.005277862487787388
2014-07,-0.01660851798266172,5.0,245.0,0.0,0.12260232209233246,0.004937641302129592,0.008012180140276826
2014-08,-0.032088664452796345,-21.0,471.1999999999998,0.30000000000000004,0.1177830356563836,0.00751912368690455,0.004900267632169886
2014-09,-0.016847185875664306,-43.0,1860.0,0.0,0.3227733922630509,0.01234665998099338,0.004794030777272695
2014-10,-0.016279051759008567,-35.0,2793.3999999999996,-0.20000000000000007,0.4054651081081644,0.0012115604330276142,0.0034294046844820514
2014-11,-0.01307924586658002,10.0,1336.5500000000002,0.5,0.36101334553733067,0.0060428762822226645,0.005065849186888016
2014-12,-0.05898145727057694,-2.0,2399.8500000000004,1.4000000000000001,0.44802472252696035,0.01362069963237822,0.009197507662520366
2015-01,-0.02219174188366832,62.0,1017.1999999999998,-1.0,0.4554755286828257,0.014190800795415015,0.008057317479618575
2015-02,-0.047544154335692465,24.0,490.0,-0.7000000000000001,0.4177352006999786,0.013486643951237554,0.007181225258545254
2015-03,-0.0007771983023984325,10.0,716.25,0.09999999999999998,0.39390428570708846,0.009166449781652375,0.008366807773324325
2015-04,0.03087345233667632,-16.0,3027.0,-0.09999999999999998,0.5753641449035618,0.015250393868742051,0.006409549225498523
2015-05,0.006783440691297105,-30.0,2305.5999999999995,0.20000000000000007,0.3746934494414107,0.01343580784828724,0.00623359661967271
2015-06,-0.02104260000028045,-47.0,748.5,-0.30000000000000004,0.32850406697203605,0.003986800731738072,0.004678983755269428
2015-07,0.013306723371580967,60.0,206.39999999999964,0.30000000000000004,0.256719846847814,0.001717879954478363,0.0029367842991412374
2015-08,0.007930132326465583,-49.0,1050.8999999999996,-0.6000000000000001,0.19845093872383823,0.0073024675329467215,0.0057939023710602555
2015-09,-0.0012349754675781838,-14.0,2106.0,0.0,0.1306201824170643,0.014843816090905904,0.003993652211555343
2015-10,-0.04492552625190217,-83.0,2138.5999999999995,0.5,0.13613217432458002,0.006258207350555267,0.005340152385237218
2015-11,0.015928083112855887,-117.0,345.0,-0.09999999999999998,0.040821994520255034,0.003802425808840937,0.006801309900566821
2015-12,-0.0029507706922917293,-49.0,1922.75,-0.4,0.03922071315328135,0.008149899541450623,0.007604994284619693
2016-01,0.02159719968273449,-71.0,2194.0,0.4,0.03704127168034921,0.007184074495475201,0.00524620499761852
2016-02,0.0032691646045849287,-54.0,2335.0,0.0,0.09531017980432499,0.007228201476380036,0.005867444370043273
2016-03,0.0177670896541256,84.0,2385.25,-0.6000000000000001,0.09716374845364784,0.00177079522010537,0.008041378875365268
2016-04,-0.0039016110340404225,18.0,3598.7,0.3,0.01834913866819643,0.0008173822478010351,0.006107712343982996
2016-05,-0.004468794491887182,19.0,2432.8999999999996,0.09999999999999998,0.0,0.010244230077818273,0.00662725076450954
2016-06,-0.016434127927901124,47.0,1525.0,-0.39999999999999997,0.059423420470800625,0.011888361296838568,0.005787839822897212
2016-07,0.012789484348311092,44.0,1129.0,0.6000000000000001,0.05608946665104364,0.01223618406141469,0.007457332308192122
2016-08,0.0007178299943439576,110.0,3219.25,-0.30000000000000004,0.09531017980432499,0.00750108164377572,0.0035106281303143305
2016-09,-0.01706084961963167,107.0,3760.1499999999996,-0.19999999999999996,0.057158413839948796,0.006789748639171478,0.006930044738705732
2016-10,-0.02168726932722405,187.0,4831.2,0.4,0.18232155679395468,0.006366483293801295,0.005902248507741348
2016-11,-0.023239856560127115,181.0,4949.25,0.30000000000000004,0.040821994520255034,0.0059583726789504965,0.002104588194754342
2016-12,0.008666652198546752,36.0,6378.1,-0.8,0.0,0.009835249313969285,-0.00045300228126521347
2017-01,0.0010471003758244918,1.0,7135.0,0.39999999999999997,0.12260232209233246,0.0002424452779017372,0.0024796167331970764
2017-02,0.004399016399489954,8.0,6737.0,0.10000000000000009,0.06187540371808731,0.007187011743745586,0.0030592722172748665
2017-03,0.002671128935965633,-29.0,7094.0,0.30000000000000004,0.0,0.007373872038282769,0.002101486267005015
2017-04,0.03125550832733506,-52.0,6790.7,-0.40000000000000013,0.10536051565782611,0.007034911043881209,0.0022097288313922547
2017-05,0.016224371439375093,-104.0,6325.5,-0.29999999999999993,0.02061928720273576,0.011808685354427695,0.0035533512579561943
2017-06,0.02581999639648709,-114.0,5724.549999999999,0.4,0.07847161544149506,0.01660206645287765,0.0006698960963333889
2017-07,0.024572417294373594,-220.0,5115.15,-0.30000000000000004,0.06317890162153184,0.012324434703991471,0.0034602403165386875
2017-08,0.007421567087117026,-147.0,2662.0,0.30000000000000004,0.13883644485421587,0.010971877627660831,0.002819305769683922
2017-09,-0.012826856499512734,-145.0,1810.2000000000007,-0.30000000000000004,0.057158413839948796,0.01365002956310235,0.003863659797964658
2017-10,-0.0008743085395818972,-116.0,2168.25,0.0,0.07696104113612856,0.003142911554618877,0.0052204047845805235
2017-11,0.007901187285971445,-33.0,498.75,0.19999999999999996,0.07847161544149506,0.002292319449407998,0.0031364415328027917
2017-12,0.02950863859288258,-84.0,843.0,-0.19999999999999996,0.019048194970694432,0.009535963970652261,0.004968623617561008
2018-01,0.012370832154905725,-65.0,504.0,0.30000000000000004,0.04000533461369904,0.014518335369432478,0.0016961381183868696
2018-02,-0.000610353897117083,-15.0,1349.0,-0.4,0.13883644485421587,0.024499582867028025,0.0005469409884639731
2018-03,-0.005103202905099219,62.0,554.2000000000007,-0.2,0.20479441264601328,0.0019252883185103542,0.0009289796315137266
2018-04,-0.038313719338354035,75.0,696.75,0.39999999999999997,0.30010459245033827,0.006906785260529347,0.004672992348712768
2018-05,-0.011892999536529808,49.0,393.25,0.4,0.1416505170630269,0.008311752832133479,0.0022279386359649322
2018-06,0.0011616357610373107,65.0,777.3999999999996,-0.30000000000000004,0.059423420470800625,0.01584796226783247,0.006073458106612861
2018-07,-0.01192094722361417,87.0,219.25,-0.49999999999999994,0.12516314295400588,0.012370183873967378,0.0035357987879436337
2018-08,0.009685804727620179,122.0,118.54999999999927,0.2,0.13657553500575093,0.00898628243897015,0.0009404424654633203
2018-09,-0.01552749205028403,18.0,413.89999999999964,0.4,0.04652001563489283,0.011150787463716227,0.002853865717057147
2018-10,-0.01032623020055154,14.0,195.0,-0.4,0.07232066157962613,0.0024823528627511138,0.004085231408684109
2018-11,0.0012456441907259252,-62.0,1061.1499999999996,0.19999999999999996,0.04445176257083361,0.007768457751465618,0.003912550329093989
2018-12,0.003817715743095196,-55.0,853.1000000000004,-0.09999999999999998,0.15415067982725827,0.009641842031468784,0.008762804784733902
2019-01,-0.006442459294414726,-9.0,1074.5,-0.09999999999999998,0.1177830356563836,0.0025535105638265776,0.008363892466629608
2019-02,-0.004200275434016659,-8.0,2914.25,0.29999999999999993,0.09309042306601212,0.00890467334802203,0.0036510360439301337
2019-03,-0.005919721914722398,-23.0,2427.800000000001,0.30000000000000004,0.2135741002980589,0.015349055513198095,0.004108285305772341
2019-04,-0.004412706034847044,-97.0,387.0,-0.6,0.22778393087071214,0.009039760671477381,0.003546834511947594
2019-05,0.010032319284376909,-69.0,1047.8500000000004,0.29999999999999993,0.1861022796338605,0.006151587608488995,0.005050305868220306
2019-06,-0.007345523339851334,168.0,1090.6000000000004,0.10000000000000009,0.17435338714477755,0.014860345752691018,0.005027745017038399
2019-07,-0.008090848153198715,115.0,26.25,-0.20000000000000007,0.30010459245033827,0.013509769892637635,0.0047128394892546055
2019-08,-0.010389626110377193,76.0,185.59999999999854,0.4,0.3522205935893521,0.01395169108359795,0.0060701080497729265
2019-09,0.0044390727924075585,20.0,80.75,-0.5,0.109199291964992,0.011283229901708935,0.006557304422894816
2019-10,-0.0008679103137214372,33.0,658.75,0.19999999999999996,0.12188981760903661,0.007694334845982809,0.003914430568801919
2019-11,0.00600489539528852,-66.0,1344.800000000001,-0.09999999999999998,0.1405819506211894,0.007096721576594689,0.0047958471388511725
2019-12,-0.0006485556345979943,32.0,2476.75,-0.3,0.1310282624064043,0.006723423405722073,0.004172190198740822
2020-01,-0.018228552650450258,94.0,3338.3,0.10000000000000003,0.01834913866819643,0.009547009612603574,0.000757539996477874
2020-02,0.01435158303727535,-56.0,2831.75,0.4,0.09844007281325262,0.013903665954687838,0.003926292583830815
2020-03,-0.017535910899879978,-183.0,3876.1499999999996,2.3,0.23001643060197186,0.021874647920258283,0.027373555103523017
2020-04,0.0031891308432470122,-272.0,4931.5,-1.4000000000000001,0.295845383090942,0.0007267751167585601,0.03140520455304596
2020-05,0.03184696704689606,-227.0,5041.200000000001,-0.3999999999999999,0.4217256289799449,0.023909246468431178,0.006031950822933396
2020-06,0.018840751592260438,-264.0,3415.25,-0.30000000000000004,0.47873730921449,0.005572403902627698,-0.0006674936529016406
2020-07,0.03060197557561878,-257.0,3435.8500000000004,-0.5,0.6077873316087885,0.04603892653469188,0.003553433374200665
2020-08,-0.0036474721624076,-179.0,3304.2999999999993,0.30000000000000004,0.48285177172358473,0.042373206167258815,0.0011871338228637285
2020-09,-0.0016983044200499509,-6.0,3687.75,0.19999999999999996,0.34426954708124446,0.021237496493549557,0.0010261698087674631
2020-10,0.0053256491759737234,-65.0,4235.9,-0.30000000000000004,0.256719846847814,0.008470136633755843,0.0004853788181904406
2020-11,0.028820656319380328,-68.0,3160.0499999999993,0.40000000000000013,0.14022934130864995,0.0035285370753026513,0.0042675421847171435
2020-12,-0.0002442902523195345,27.0,4273.5,0.09999999999999987,0.24038535774871583,0.012542285465112712,0.0028080626821243015
2021-01,-0.006445201202180478,84.0,3306.6,0.0,0.19706383853115828,0.031121096300262607,0.004578295145414302
2021-02,-0.016200291243653075,140.0,2690.25,-0.3999999999999999,0.25249576332673707,0.021266599005207,0.006409438166613768
2021-03,0.006391681033029006,206.0,1806.0,0.0,0.01960847138837618,0.011209778819546656,0.009282855154449265
2021-04,0.014295054318861217,245.0,2995.95,-0.4,0.1416505170630269,0.003768526413653106,0.004797794107918918
2021-05,-0.008912388454761055,183.0,4415.15,0.19999999999999996,0.2661095871976529,0.007870226365962907,0.007329765716310277
2021-06,-0.01806758312650053,134.0,5658.5,0.6,0.35545468753350296,0.002994141986704335,0.003830794526741954
2021-07,-0.004858989328328428,167.0,4983.4,-0.6,0.4554755286828258,0.00828205232584267,0.004407127204633099
2021-08,-0.00019315161689323346,124.0,4761.25,0.30000000000000004,0.4390817189071492,0.02133443126094825,0.004993277829917986
