datetime,open,high,low,close
1970-01-01,1.20282,1.20807,1.20233,1.2058200000000001
1970-01-02,1.2058,1.20658,1.20008,1.20141
1970-01-03,1.2014,1.20884,1.2004,1.20679
1970-01-04,1.20679,1.20825,1.20202,1.20289
1970-01-05,1.2028699999999999,1.20517,1.19555,1.19665
1970-01-06,1.19668,1.19751,1.19152,1.19361
1970-01-07,1.19362,1.20177,1.19229,1.1947
1970-01-08,1.19469,1.20585,1.19288,1.20318
1970-01-09,1.20318,1.22177,1.20305,1.21947
1970-01-10,1.21976,1.22961,1.21871,1.22635
1970-01-11,1.22633,1.2282899999999999,1.21948,1.22601
1970-01-12,1.226,1.23227,1.21769,1.21854
1970-01-13,1.21833,1.2264599999999999,1.21642,1.22381
1970-01-14,1.22376,1.2295,1.22144,1.22201
1970-01-15,1.22643,1.22667,1.22133,1.22611
1970-01-16,1.22613,1.23058,1.22226,1.22981
1970-01-17,1.22974,1.24145,1.22903,1.24075
1970-01-18,1.24075,1.25373,1.23635,1.23945
1970-01-19,1.23948,1.24931,1.23698,1.24237
1970-01-20,1.24238,1.24318,1.23364,1.23822
1970-01-21,1.2381,1.2453400000000001,1.23342,1.24021
1970-01-22,1.2402,1.24744,1.23862,1.24131
1970-01-23,1.24121,1.25227,1.23846,1.25084
1970-01-24,1.25076,1.25179,1.24088,1.24526
1970-01-25,1.24316,1.24746,1.23625,1.23661
1970-01-26,1.2366,1.24344,1.23138,1.23763
1970-01-27,1.23764,1.2406,1.22455,1.22633
1970-01-28,1.22632,1.22949,1.22121,1.22464
1970-01-29,1.22451,1.2287,1.22054,1.22499
1970-01-30,1.22438,1.22972,1.2235,1.22913
1970-01-31,1.22913,1.2371,1.22844,1.23511
1970-02-01,1.23498,1.24651,1.22757,1.24494
1970-02-02,1.2448299999999999,1.25102,1.24479,1.2505600000000001
1970-02-03,1.25057,1.2555399999999999,1.23928,1.24095
1970-02-04,1.24028,1.2435,1.2368999999999999,1.24068
1970-02-05,1.24063,1.24122,1.23197,1.23373
1970-02-06,1.23372,1.236,1.2281,1.2283
1970-02-07,1.22828,1.23521,1.22597,1.23304
1970-02-08,1.23306,1.23374,1.22798,1.22961
1970-02-09,1.22935,1.23549,1.22776,1.2316799999999999
1970-02-10,1.2316799999999999,1.23464,1.22215,1.22327
1970-02-11,1.22329,1.22416,1.2187999999999999,1.21933
1970-02-12,1.21935,1.22732,1.21548,1.2267000000000001
1970-02-13,1.2267000000000001,1.23358,1.22515,1.23217
1970-02-14,1.2333,1.2364600000000001,1.22688,1.23357
1970-02-15,1.23355,1.24203,1.2328000000000001,1.24038
1970-02-16,1.24037,1.24449,1.23847,1.24108
1970-02-17,1.24106,1.2446,1.22981,1.23111
1970-02-18,1.2311,1.2334100000000001,1.2273100000000001,1.23048
1970-02-19,1.23119,1.23456,1.22904,1.23344
1970-02-20,1.23344,1.24073,1.23144,1.23917
1970-02-21,1.23917,1.24126,1.23471,1.23676
1970-02-22,1.23674,1.23836,1.23001,1.2304599999999999
1970-02-23,1.2304599999999999,1.23361,1.22601,1.2288000000000001
1970-02-24,1.22872,1.23587,1.2258,1.23345
1970-02-25,1.23345,1.23546,1.22397,1.22435
1970-02-26,1.22435,1.23499,1.22418,1.23386
1970-02-27,1.23386,1.23884,1.2285,1.23049
1970-02-28,1.23057,1.23733,1.23057,1.23529
1970-03-01,1.23512,1.24616,1.23496,1.24437
1970-03-02,1.24432,1.24766,1.23721,1.24025
1970-03-03,1.24023,1.24217,1.23001,1.23082
1970-03-04,1.23085,1.23353,1.22839,1.23006
1970-03-05,1.23005,1.23307,1.229,1.23279
1970-03-06,1.23215,1.2345,1.22817,1.23015
1970-03-07,1.23009,1.23364,1.22536,1.22704
1970-03-08,1.22704,1.23148,1.22569,1.22776
1970-03-09,1.22775,1.22902,1.22183,1.22399
1970-03-10,1.22396,1.22908,1.2214800000000001,1.22805
1970-03-11,1.22808,1.23307,1.22601,1.23203
1970-03-12,1.23204,1.23776,1.23028,1.23556
1970-03-13,1.23554,1.23965,1.23469,1.23668
1970-03-14,1.23667,1.23798,1.22993,1.23263
1970-03-15,1.23262,1.23459,1.2307,1.23299
1970-03-16,1.23302,1.23946,1.2324,1.23791
1970-03-17,1.2379,1.24137,1.23361,1.23695
1970-03-18,1.23692,1.23972,1.23414,1.23735
1970-03-19,1.23736,1.24002,1.2328999999999999,1.23453
1970-03-20,1.23452,1.23531,1.22495,1.22895
1970-03-21,1.2276799999999999,1.22895,1.21975,1.22083
1970-03-22,1.22083,1.22448,1.2181899999999999,1.22319
1970-03-23,1.22319,1.22386,1.21599,1.21605
1970-03-24,1.21604,1.22098,1.20963,1.21031
1970-03-25,1.21028,1.21327,1.2055500000000001,1.21293
1970-03-26,1.21235,1.21388,1.20642,1.2077499999999999
1970-03-27,1.2077499999999999,1.20841,1.19813,1.19923
1970-03-28,1.19923,1.20317,1.19378,1.19503
1970-03-29,1.19503,1.20088,1.19449,1.1988
1970-03-30,1.1988,1.19954,1.19106,1.19632
1970-03-31,1.19565,1.19779,1.18975,1.19218
1970-04-01,1.19219,1.19388,1.18381,1.1864
1970-04-02,1.1864,1.1897,1.18228,1.1850100000000001
1970-04-03,1.1850100000000001,1.19465,1.18431,1.19144
1970-04-04,1.1914500000000001,1.19679,1.18912,1.19396
1970-04-05,1.19388,1.19961,1.19259,1.19266
1970-04-06,1.1926,1.19383,1.18201,1.18374
1970-04-07,1.18375,1.18543,1.17632,1.1807
1970-04-08,1.18067,1.18375,1.17763,1.17939
1970-04-09,1.1794,1.18221,1.17498,1.17694
1970-04-10,1.17704,1.17954,1.17166,1.17912
1970-04-11,1.17911,1.18298,1.17566,1.17783
1970-04-12,1.17783,1.17896,1.16758,1.16965
1970-04-13,1.16961,1.17506,1.1690800000000001,1.17193
1970-04-14,1.17192,1.1733500000000001,1.16454,1.16512
1970-04-15,1.16812,1.17283,1.16073,1.16242
1970-04-16,1.16241,1.16397,1.151,1.15394
1970-04-17,1.15394,1.16763,1.15186,1.16623
1970-04-18,1.16631,1.17241,1.1641,1.16917
1970-04-19,1.16916,1.17181,1.16168,1.16605
1970-04-20,1.16583,1.17446,1.1657899999999999,1.16981
1970-04-21,1.16983,1.17321,1.16525,1.17172
1970-04-22,1.17172,1.17957,1.17119,1.17734
1970-04-23,1.17733,1.18399,1.17726,1.1798899999999999
1970-04-24,1.1799,1.18103,1.17271,1.17707
1970-04-25,1.17736,1.1820599999999999,1.1771099999999999,1.17835
1970-04-26,1.1783299999999999,1.1809,1.17332,1.17446
1970-04-27,1.17447,1.18009,1.17252,1.17911
1970-04-28,1.1791,1.18517,1.15627,1.15679
1970-04-29,1.15678,1.1627,1.15432,1.16065
1970-04-30,1.15866,1.16243,1.15653,1.16224
1970-05-01,1.1622,1.16446,1.15307,1.15883
1970-05-02,1.15882,1.15999,1.1533,1.15729
1970-05-03,1.15728,1.16334,1.1508,1.1602999999999999
1970-05-04,1.16033,1.16749,1.15983,1.1656900000000001
1970-05-05,1.16646,1.17129,1.16285,1.17033
1970-05-06,1.17032,1.17205,1.16348,1.16469
1970-05-07,1.16466,1.1672,1.15406,1.15534
1970-05-08,1.15534,1.16005,1.15271,1.15683
1970-05-09,1.15683,1.16905,1.15581,1.16826
1970-05-10,1.16854,1.16862,1.15912,1.16388
1970-05-11,1.16389,1.1673,1.16205,1.16566
1970-05-12,1.16567,1.16817,1.16305,1.16556
1970-05-13,1.16555,1.17201,1.16499,1.16902
1970-05-14,1.16902,1.17676,1.168,1.17413
1970-05-15,1.17387,1.17906,1.17326,1.17502
1970-05-16,1.1750099999999999,1.17626,1.16902,1.17442
1970-05-17,1.1743999999999999,1.17583,1.16653,1.1672500000000001
1970-05-18,1.16727,1.16954,1.16497,1.16706
1970-05-19,1.16704,1.16865,1.16129,1.16858
1970-05-20,1.16843,1.17254,1.16756,1.1711
1970-05-21,1.17109,1.17446,1.16493,1.16606
1970-05-22,1.16606,1.16648,1.16021,1.16382
1970-05-23,1.1638,1.16784,1.15748,1.16418
1970-05-24,1.16419,1.17388,1.16261,1.17205
1970-05-25,1.17277,1.17513,1.16837,1.16915
1970-05-26,1.16914,1.17168,1.16545,1.16856
1970-05-27,1.16856,1.17386,1.16638,1.1728
1970-05-28,1.17281,1.17436,1.16402,1.1642299999999999
1970-05-29,1.1642299999999999,1.16642,1.1620300000000001,1.16564
1970-05-30,1.16553,1.17187,1.1648100000000001,1.1705
1970-05-31,1.17049,1.17459,1.16837,1.16906
1970-06-01,1.16907,1.16995,1.16572,1.16594
1970-06-02,1.16594,1.16676,1.15817,1.1584
1970-06-03,1.15839,1.16106,1.15602,1.15658
1970-06-04,1.15697,1.15707,1.153,1.1553200000000001
1970-06-05,1.1553200000000001,1.1608100000000001,1.15503,1.15979
1970-06-06,1.15979,1.16281,1.15729,1.16096
1970-06-07,1.16096,1.16193,1.15251,1.15265
1970-06-08,1.15266,1.15364,1.1388,1.14082
1970-06-09,1.13769,1.14328,1.1365,1.14096
1970-06-10,1.14095,1.14294,1.13294,1.13436
1970-06-11,1.13433,1.1354899999999999,1.1301,1.1344400000000001
1970-06-12,1.1344400000000001,1.14092,1.13357,1.13758
1970-06-13,1.1376,1.14448,1.13664,1.14413
1970-06-14,1.14378,1.14849,1.13943,1.14807
1970-06-15,1.14808,1.16011,1.14796,1.157
1970-06-16,1.157,1.16228,1.1553200000000001,1.15958
1970-06-17,1.15961,1.15999,1.15297,1.15378
1970-06-18,1.15374,1.16398,1.15349,1.1621299999999999
1970-06-19,1.16192,1.16937,1.15945,1.16777
1970-06-20,1.16772,1.1733500000000001,1.16624,1.16939
1970-06-21,1.16939,1.1710099999999999,1.16519,1.17063
1970-06-22,1.17064,1.17182,1.16417,1.16697
1970-06-23,1.16707,1.169,1.15845,1.16076
1970-06-24,1.15963,1.16278,1.15889,1.1618
1970-06-25,1.16168,1.16202,1.15302,1.15804
1970-06-26,1.15801,1.16399,1.15425,1.16289
1970-06-27,1.16291,1.16592,1.16053,1.16226
1970-06-28,1.16226,1.16494,1.15506,1.1553499999999999
1970-06-29,1.15505,1.1616,1.15257,1.1593
1970-06-30,1.15923,1.1644,1.15653,1.16045
1970-07-01,1.16045,1.16496,1.157,1.16252
1970-07-02,1.16252,1.17011,1.1609099999999999,1.16897
1970-07-03,1.16896,1.17216,1.16206,1.16214
1970-07-04,1.16232,1.16982,1.1618,1.16829
1970-07-05,1.16829,1.17243,1.16519,1.1665
1970-07-06,1.16649,1.17149,1.165,1.1672
1970-07-07,1.16714,1.17845,1.16688,1.17765
1970-07-08,1.17764,1.18027,1.17329,1.17522
1970-07-09,1.1745700000000001,1.1815,1.17241,1.17472
1970-07-10,1.1747,1.17924,1.17309,1.17658
1970-07-11,1.17655,1.17977,1.17258,1.17379
1970-07-12,1.17378,1.17571,1.16387,1.16407
1970-07-13,1.16407,1.16512,1.15696,1.16029
1970-07-14,1.16168,1.16248,1.15635,1.15778
1970-07-15,1.15777,1.15802,1.15052,1.1546
1970-07-16,1.1546,1.15936,1.14641,1.1476600000000001
1970-07-17,1.1476600000000001,1.15426,1.14634,1.15134
1970-07-18,1.15134,1.15499,1.1484,1.15192
1970-07-19,1.15216,1.15297,1.14598,1.14907
1970-07-20,1.14907,1.15034,1.14322,1.14899
1970-07-21,1.14899,1.15453,1.14799,1.15182
1970-07-22,1.15186,1.15993,1.15174,1.1593
1970-07-23,1.1593,1.16104,1.15343,1.15578
1970-07-24,1.15411,1.16062,1.15404,1.15784
1970-07-25,1.15784,1.16219,1.1566,1.15733
1970-07-26,1.15731,1.15806,1.14959,1.14999
1970-07-27,1.14998,1.15272,1.14491,1.14523
1970-07-28,1.14522,1.15345,1.1433,1.15149
1970-07-29,1.15161,1.15501,1.14557,1.1463700000000001
1970-07-30,1.14635,1.14935,1.14392,1.14697
1970-07-31,1.14695,1.14764,1.13785,1.13911
1970-08-01,1.13911,1.14327,1.13562,1.13746
1970-08-02,1.13744,1.14211,1.13357,1.14015
1970-08-03,1.14006,1.14164,1.13605,1.1372200000000001
1970-08-04,1.1372200000000001,1.13877,1.13405,1.13434
1970-08-05,1.13434,1.13599,1.13021,1.13138
1970-08-06,1.13138,1.14242,1.13127,1.14016
1970-08-07,1.14017,1.14557,1.13721,1.13876
1970-08-08,1.13885,1.14239,1.1353,1.14067
1970-08-09,1.14066,1.14378,1.13914,1.1426
1970-08-10,1.14258,1.15002,1.13945,1.14255
1970-08-11,1.14255,1.14467,1.13512,1.13629
1970-08-12,1.13628,1.13689,1.13163,1.13349
1970-08-13,1.13241,1.13306,1.12154,1.12174
1970-08-14,1.12176,1.12935,1.12163,1.12898
1970-08-15,1.12898,1.13474,1.12631,1.1308
1970-08-16,1.13068,1.13623,1.12705,1.13255
1970-08-17,1.13249,1.142,1.13215,1.14167
1970-08-18,1.14136,1.14644,1.13939,1.14524
1970-08-19,1.1452499999999999,1.14723,1.13587,1.13695
1970-08-20,1.13695,1.14247,1.13633,1.13843
1970-08-21,1.13839,1.14339,1.1379299999999999,1.14005
1970-08-22,1.1400299999999999,1.14211,1.13276,1.1334
1970-08-23,1.13398,1.13837,1.1325,1.13273
1970-08-24,1.13274,1.13437,1.12775,1.12874
1970-08-25,1.12849,1.13876,1.12671,1.13659
1970-08-26,1.13659,1.14016,1.13487,1.13925
1970-08-27,1.13924,1.14004,1.1305399999999999,1.1314899999999999
1970-08-28,1.13489,1.13797,1.13193,1.13534
1970-08-29,1.13536,1.14187,1.13185,1.13423
1970-08-30,1.13422,1.13613,1.13105,1.13442
1970-08-31,1.1344,1.1412499999999999,1.1320999999999999,1.13746
1970-09-01,1.13731,1.14236,1.13604,1.14013
1970-09-02,1.13928,1.1442700000000001,1.13504,1.13552
1970-09-03,1.13558,1.14002,1.13063,1.13163
1970-09-04,1.1316,1.13871,1.13148,1.1368
1970-09-05,1.1368,1.13933,1.13312,1.13583
1970-09-06,1.13599,1.1365,1.12697,1.12999
1970-09-07,1.13053,1.13577,1.12987,1.13471
1970-09-08,1.13473,1.14022,1.13366,1.1360000000000001
1970-09-09,1.13599,1.1439300000000001,1.13592,1.1376
1970-09-10,1.13762,1.1486,1.13703,1.14452
1970-09-11,1.1445,1.14741,1.1356,1.13651
1970-09-12,1.1369799999999999,1.14385,1.13606,1.14166
1970-09-13,1.14144,1.14147,1.13427,1.1352
1970-09-14,1.13516,1.14541,1.13503,1.14292
1970-09-15,1.14294,1.14727,1.14248,1.14399
1970-09-16,1.1435,1.14661,1.14215,1.14453
1970-09-17,1.14458,1.14967,1.13251,1.13437
1970-09-18,1.13436,1.1411,1.1305,1.13929
1970-09-19,1.13923,1.1419,1.13457,1.13953
1970-09-20,1.13965,1.14825,1.13962,1.14739
1970-09-21,1.14739,1.14846,1.14218,1.14406
1970-09-22,1.14405,1.15578,1.1437,1.15415
1970-09-23,1.15416,1.15698,1.14844,1.14994
1970-09-24,1.14993,1.15402,1.1458,1.14645
1970-09-25,1.146,1.1482,1.14505,1.14678
1970-09-26,1.14678,1.14897,1.13819,1.14124
1970-09-27,1.14123,1.14249,1.13778,1.13912
1970-09-28,1.13909,1.1406,1.13699,1.13879
1970-09-29,1.13879,1.14101,1.13532,1.13638
1970-09-30,1.13617,1.13911,1.13567,1.13657
1970-10-01,1.1365,1.13738,1.1335899999999999,1.13594
1970-10-02,1.13594,1.13944,1.13503,1.13807
1970-10-03,1.13803,1.13914,1.12894,1.13031
1970-10-04,1.13036,1.14175,1.13,1.14041
1970-10-05,1.1402,1.1443699999999999,1.13901,1.14262
1970-10-06,1.14265,1.14502,1.14112,1.1432
1970-10-07,1.14316,1.15015,1.14062,1.14779
1970-10-08,1.1478,1.1514199999999999,1.14356,1.14461
1970-10-09,1.14459,1.14884,1.14343,1.14539
1970-10-10,1.14516,1.14604,1.14242,1.1435
1970-10-11,1.14348,1.14405,1.14011,1.14043
1970-10-12,1.14043,1.14095,1.13606,1.13607
1970-10-13,1.1360999999999999,1.13684,1.13245,1.13385
1970-10-14,1.13382,1.13508,1.1320999999999999,1.1323400000000001
1970-10-15,1.13194,1.133,1.12672,1.12748
1970-10-16,1.12746,1.13396,1.12576,1.13246
1970-10-17,1.13244,1.13414,1.12594,1.12595
1970-10-18,1.12594,1.13097,1.12491,1.12939
1970-10-19,1.1294,1.13061,1.1234,1.12925
1970-10-20,1.12916,1.13338,1.12887,1.13081
1970-10-21,1.1308,1.13574,1.12755,1.13394
1970-10-22,1.13392,1.13711,1.13249,1.13351
1970-10-23,1.13357,1.13664,1.13194,1.1333
1970-10-24,1.13329,1.13556,1.13161,1.13319
1970-10-25,1.13278,1.13676,1.13276,1.1356
1970-10-26,1.13562,1.14028,1.13452,1.1388
1970-10-27,1.13878,1.14035,1.13623,1.13685
1970-10-28,1.13684,1.14196,1.13592,1.13696
1970-10-29,1.13697,1.14085,1.13533,1.1362700000000001
1970-10-30,1.13766,1.1381000000000001,1.1309,1.13386
1970-10-31,1.13387,1.134,1.1289500000000001,1.13069
1970-11-01,1.13065,1.13246,1.12854,1.13053
1970-11-02,1.1305,1.13202,1.1176,1.11923
1970-11-03,1.11922,1.12461,1.11852,1.1233
1970-11-04,1.12335,1.12584,1.12218,1.12489
1970-11-05,1.12489,1.13049,1.12473,1.12876
1970-11-06,1.12876,1.13385,1.1277300000000001,1.13304
1970-11-07,1.13304,1.13377,1.12941,1.1304400000000001
1970-11-08,1.1304400000000001,1.13443,1.12998,1.13236
1970-11-09,1.13246,1.1359,1.13189,1.13352
1970-11-10,1.13352,1.13616,1.13337,1.13494
1970-11-11,1.13495,1.14481,1.13355,1.14241
1970-11-12,1.14241,1.14375,1.13425,1.13733
1970-11-13,1.13733,1.13907,1.1273,1.12999
1970-11-14,1.12972,1.13314,1.12887,1.1313
1970-11-15,1.13131,1.13258,1.12628,1.12703
1970-11-16,1.12703,1.12856,1.12421,1.12515
1970-11-17,1.12515,1.12611,1.12136,1.12259
1970-11-18,1.12265,1.12467,1.12096,1.12175
1970-11-19,1.12264,1.12499,1.12038,1.12117
1970-11-20,1.12114,1.12158,1.11837,1.12033
1970-11-21,1.12032,1.12546,1.11992,1.12312
1970-11-22,1.12312,1.12476,1.12059,1.12191
1970-11-23,1.12191,1.1249,1.12101,1.12161
1970-11-24,1.12148,1.12744,1.12118,1.12609
1970-11-25,1.12608,1.1284399999999999,1.12552,1.12609
1970-11-26,1.12605,1.12878,1.12295,1.12724
1970-11-27,1.12725,1.12874,1.12499,1.12507
1970-11-28,1.12504,1.13238,1.12504,1.12978
1970-11-29,1.13025,1.13209,1.12976,1.13023
1970-11-30,1.13026,1.1313900000000001,1.12791,1.12799
1970-12-01,1.12796,1.1323699999999999,1.12787,1.12946
1970-12-02,1.12941,1.1304,1.12262,1.12305
1970-12-03,1.12306,1.12476,1.12275,1.12402
1970-12-04,1.12425,1.1262,1.12358,1.1256
1970-12-05,1.12561,1.12612,1.11923,1.12262
1970-12-06,1.12263,1.12263,1.11406,1.11524
1970-12-07,1.11522,1.11625,1.11175,1.11313
1970-12-08,1.11314,1.1174,1.11103,1.11473
1970-12-09,1.11455,1.11868,1.1145,1.11852
1970-12-10,1.1185100000000001,1.12292,1.11757,1.1214
1970-12-11,1.12141,1.12648,1.11872,1.11941
1970-12-12,1.11942,1.1219,1.11704,1.11709
1970-12-13,1.1171,1.12047,1.11349,1.12013
1970-12-14,1.11767,1.12092,1.1171,1.11978
1970-12-15,1.11979,1.12179,1.11665,1.11906
1970-12-16,1.119,1.12137,1.11828,1.11904
1970-12-17,1.11903,1.12509,1.11734,1.12128
1970-12-18,1.12138,1.12535,1.1213,1.12341
1970-12-19,1.12336,1.12633,1.12208,1.12208
1970-12-20,1.12205,1.12439,1.12012,1.12028
1970-12-21,1.12029,1.12248,1.11779,1.12
1970-12-22,1.12001,1.12239,1.11662,1.11734
1970-12-23,1.11731,1.11843,1.11551,1.11577
1970-12-24,1.11599,1.11748,1.11505,1.1165
1970-12-25,1.11651,1.1188,1.1142,1.11598
1970-12-26,1.11594,1.11804,1.11486,1.11494
1970-12-27,1.11493,1.11874,1.1107,1.11807
1970-12-28,1.11805,1.12121,1.1173899999999999,1.1205
1970-12-29,1.1209500000000001,1.12151,1.11868,1.11908
1970-12-30,1.11907,1.12021,1.11586,1.11591
1970-12-31,1.11592,1.11724,1.11242,1.11302
1971-01-01,1.11297,1.11433,1.1116,1.11283
1971-01-02,1.11281,1.11797,1.11252,1.11679
1971-01-03,1.11651,1.1262,1.11602,1.12406
1971-01-04,1.12407,1.1277300000000001,1.12264,1.12507
1971-01-05,1.12507,1.13066,1.12191,1.1219999999999999
1971-01-06,1.12202,1.1308799999999999,1.12004,1.12747
1971-01-07,1.1274899999999999,1.13477,1.12512,1.13307
1971-01-08,1.13243,1.13306,1.12899,1.1311
1971-01-09,1.13108,1.13374,1.13012,1.13253
1971-01-10,1.13251,1.13433,1.12822,1.12866
1971-01-11,1.12865,1.13037,1.12682,1.12761
1971-01-12,1.12761,1.12891,1.12024,1.12104
1971-01-13,1.12103,1.1247,1.12036,1.12178
1971-01-14,1.12178,1.12428,1.11813,1.11936
1971-01-15,1.11926,1.12543,1.11871,1.12259
1971-01-16,1.12255,1.13172,1.12255,1.12916
1971-01-17,1.12913,1.13777,1.1283,1.13679
1971-01-18,1.13711,1.1404,1.1367,1.13978
1971-01-19,1.13979,1.1412,1.13441,1.13655
1971-01-20,1.13657,1.13911,1.13475,1.13683
1971-01-21,1.13684,1.13814,1.13477,1.13689
1971-01-22,1.13689,1.13932,1.1350500000000001,1.13693
1971-01-23,1.13609,1.13711,1.12808,1.12851
1971-01-24,1.1285,1.13218,1.12752,1.12857
1971-01-25,1.12847,1.13116,1.12686,1.12774
1971-01-26,1.12777,1.1295,1.12731,1.12847
1971-01-27,1.12837,1.12877,1.12075,1.12259
1971-01-28,1.1224,1.12343,1.12069,1.12142
1971-01-29,1.12141,1.12187,1.11932,1.1207799999999999
1971-01-30,1.12076,1.12642,1.12018,1.12503
1971-01-31,1.12503,1.12857,1.12451,1.1253199999999999
1971-02-01,1.1253199999999999,1.12748,1.1238299999999999,1.12696
1971-02-02,1.12691,1.12838,1.12531,1.12577
1971-02-03,1.12574,1.12634,1.12018,1.12103
1971-02-04,1.12102,1.12336,1.11997,1.12242
1971-02-05,1.12237,1.12804,1.12051,1.12765
1971-02-06,1.12766,1.1282,1.12033,1.12193
1971-02-07,1.1214,1.12252,1.12062,1.12094
1971-02-08,1.12093,1.12096,1.11458,1.11517
1971-02-09,1.11516,1.11557,1.11269,1.11399
1971-02-10,1.114,1.11877,1.11013,1.11467
1971-02-11,1.11464,1.11509,1.11118,1.11265
1971-02-12,1.11253,1.11509,1.11129,1.11443
1971-02-13,1.11443,1.11609,1.11321,1.11545
1971-02-14,1.11548,1.1162,1.10601,1.10749
1971-02-15,1.10749,1.10957,1.10269,1.10847
1971-02-16,1.10849,1.11163,1.10699,1.11045
1971-02-17,1.11096,1.12131,1.11046,1.12033
1971-02-18,1.1203400000000001,1.1249500000000001,1.11673,1.1198
1971-02-19,1.1198,1.12419,1.1179000000000001,1.11982
1971-02-20,1.1198,1.12327,1.11768,1.11801
1971-02-21,1.11802,1.12229,1.11793,1.12005
1971-02-22,1.11997,1.12306,1.11619,1.12131
1971-02-23,1.12129,1.12286,1.117,1.1171
1971-02-24,1.11708,1.11907,1.11305,1.11377
1971-02-25,1.1138,1.11584,1.10914,1.11065
1971-02-26,1.11065,1.11121,1.10663,1.1089
1971-02-27,1.1092,1.11137,1.1076,1.10778
1971-02-28,1.10773,1.11067,1.10654,1.10998
1971-03-01,1.10989,1.1107,1.108,1.10845
1971-03-02,1.10844,1.11131,1.10635,1.10799
1971-03-03,1.10798,1.11531,1.10515,1.11449
1971-03-04,1.11485,1.11639,1.10942,1.11018
1971-03-05,1.11018,1.11158,1.10856,1.10901
1971-03-06,1.10901,1.10978,1.10732,1.1077
1971-03-07,1.1077,1.10932,1.1042,1.1056300000000001
1971-03-08,1.1056300000000001,1.10602,1.0963,1.09935
1971-03-09,1.09895,1.09965,1.09579,1.09696
1971-03-10,1.09682,1.09787,1.09257,1.09733
1971-03-11,1.09737,1.10383,1.09685,1.10348
1971-03-12,1.10348,1.10846,1.10167,1.1034
1971-03-13,1.1034,1.10571,1.10202,1.10244
1971-03-14,1.10259,1.1068,1.10154,1.10477
1971-03-15,1.10474,1.10593,1.10304,1.10432
1971-03-16,1.1043,1.10555,1.09851,1.10102
1971-03-17,1.10102,1.1087,1.09267,1.10643
1971-03-18,1.10643,1.11094,1.10553,1.10758
1971-03-19,1.10738,1.10863,1.09932,1.10003
1971-03-20,1.09998,1.10745,1.0990199999999999,1.10725
1971-03-21,1.10723,1.10756,1.1013600000000001,1.10298
1971-03-22,1.10298,1.10734,1.10227,1.10408
1971-03-23,1.10406,1.10675,1.09962,1.10192
1971-03-24,1.1012,1.10253,1.0966,1.09925
1971-03-25,1.09927,1.10239,1.09837,1.10193
1971-03-26,1.10192,1.10228,1.09373,1.09419
1971-03-27,1.09415,1.09673,1.09087,1.09198
1971-03-28,1.09201,1.09586,1.09038,1.09405
1971-03-29,1.09407,1.09476,1.08846,1.08991
1971-03-30,1.08991,1.09427,1.0879,1.09311
1971-03-31,1.09318,1.09635,1.09042,1.0959
1971-04-01,1.09584,1.09992,1.09409,1.0963
1971-04-02,1.0963,1.09983,1.09569,1.09763
1971-04-03,1.09806,1.10006,1.09618,1.09704
1971-04-04,1.09703,1.09959,1.09411,1.0956
1971-04-05,1.0956,1.09901,1.09514,1.0971
1971-04-06,1.09704,1.10338,1.09699,1.1005
1971-04-07,1.10049,1.10627,1.10008,1.10342
1971-04-08,1.10328,1.10427,1.10126,1.10251
1971-04-09,1.10252,1.1046,1.09912,1.1032
1971-04-10,1.1031900000000001,1.10854,1.10225,1.1071
1971-04-11,1.1071,1.11398,1.1065,1.11234
1971-04-12,1.11236,1.11702,1.1114600000000001,1.11699
1971-04-13,1.11625,1.11793,1.11387,1.11487
1971-04-14,1.11487,1.11568,1.11176,1.11243
1971-04-15,1.11242,1.11402,1.11061,1.11297
1971-04-16,1.11296,1.11626,1.1093,1.11037
1971-04-17,1.11036,1.11228,1.1072899999999999,1.10793
1971-04-18,1.1078999999999999,1.11065,1.1076,1.10994
1971-04-19,1.10994,1.11184,1.10735,1.11118
1971-04-20,1.11117,1.11533,1.108,1.11516
1971-04-21,1.11526,1.11756,1.11314,1.11514
1971-04-22,1.11514,1.11718,1.11281,1.11641
1971-04-23,1.11694,1.11753,1.11247,1.11272
1971-04-24,1.11269,1.11401,1.10634,1.10742
1971-04-25,1.10742,1.10927,1.10649,1.10658
1971-04-26,1.10658,1.10915,1.10361,1.10497
1971-04-27,1.10492,1.10553,1.10166,1.10188
1971-04-28,1.10199,1.1043,1.10165,1.10323
1971-04-29,1.10323,1.10385,1.10025,1.10088
1971-04-30,1.10089,1.10202,1.09953,1.10053
1971-05-01,1.10052,1.10273,1.0989,1.10212
1971-05-02,1.10212,1.10567,1.10145,1.10519
1971-05-03,1.10487,1.10899,1.10487,1.10718
1971-05-04,1.10711,1.10838,1.1062400000000001,1.1078000000000001
1971-05-05,1.10777,1.10813,1.1053,1.10723
1971-05-06,1.10723,1.10969,1.10521,1.10581
1971-05-07,1.1058,1.10875,1.10144,1.1019
1971-05-08,1.10165,1.1032,1.10035,1.10126
1971-05-09,1.10129,1.10255,1.10072,1.10194
1971-05-10,1.10194,1.10246,1.09923,1.09989
1971-05-11,1.09987,1.10178,1.09986,1.1007500000000001
1971-05-12,1.10071,1.10282,1.0981,1.10208
1971-05-13,1.10236,1.1091,1.10029,1.10784
1971-05-14,1.10782,1.10934,1.10658,1.10809
1971-05-15,1.10809,1.11161,1.10667,1.10775
1971-05-16,1.10772,1.11079,1.10771,1.11042
1971-05-17,1.11042,1.11097,1.10396,1.10595
1971-05-18,1.10578,1.10779,1.10533,1.10635
1971-05-19,1.10638,1.10976,1.10627,1.10919
1971-05-20,1.10914,1.11447,1.10701,1.11294
1971-05-21,1.11294,1.11541,1.1103,1.11286
1971-05-22,1.11294,1.11993,1.11032,1.11173
1971-05-23,1.11279,1.1158,1.11226,1.11435
1971-05-24,1.11433,1.11745,1.11291,1.11487
1971-05-25,1.11483,1.11541,1.11102,1.11127
1971-05-26,1.11126,1.11442,1.11072,1.11204
1971-05-27,1.11201,1.11246,1.10662,1.10751
1971-05-28,1.10785,1.10958,1.10698,1.10895
1971-05-29,1.10895,1.10939,1.1069,1.1085099999999999
1971-05-30,1.109,1.11088,1.1082,1.10974
1971-05-31,1.1097299999999999,1.11882,1.10947,1.1176
1971-06-01,1.11762,1.12206,1.11718,1.11985
1971-06-02,1.11985,1.12392,1.11976,1.12232
1971-06-03,1.12132,1.12143,1.11635,1.11722
1971-06-04,1.11722,1.11797,1.1125,1.11558
1971-06-05,1.11646,1.12054,1.11571,1.11968
1971-06-06,1.1196,1.11975,1.11335,1.11526
1971-06-07,1.11529,1.11681,1.11016,1.11053
1971-06-08,1.11053,1.11203,1.10923,1.11051
1971-06-09,1.11051,1.11291,1.1085,1.11212
1971-06-10,1.11181,1.11469,1.11127,1.11338
1971-06-11,1.11338,1.11444,1.11042,1.11274
1971-06-12,1.11284,1.11633,1.11185,1.1149499999999999
1971-06-13,1.11492,1.11726,1.11278,1.11358
1971-06-14,1.11352,1.11425,1.10862,1.10893
1971-06-15,1.1092,1.1102400000000001,1.10766,1.10944
1971-06-16,1.10934,1.1118,1.10809,1.10819
1971-06-17,1.10816,1.10983,1.10701,1.1092
1971-06-18,1.1092,1.11087,1.1036299999999999,1.10542
1971-06-19,1.10542,1.10617,1.10196,1.10255
1971-06-20,1.10298,1.10375,1.10096,1.10184
1971-06-21,1.10185,1.10251,1.09977,1.1022
1971-06-22,1.10219,1.10277,1.09922,1.10098
1971-06-23,1.10097,1.10393,1.10068,1.10312
1971-06-24,1.10313,1.10951,1.10168,1.10943
1971-06-25,1.10919,1.10924,1.10349,1.10593
1971-06-26,1.1059,1.10642,1.10327,1.10434
1971-06-27,1.10436,1.10478,1.09935,1.09989
1971-06-28,1.09989,1.10138,1.09643,1.09827
1971-06-29,1.09827,1.09849,1.09418,1.0943
1971-06-30,1.09424,1.09574,1.09076,1.09105
1971-07-01,1.09105,1.09247,1.08912,1.09145
1971-07-02,1.09146,1.09255,1.08651,1.08728
1971-07-03,1.08716,1.08887,1.08339,1.08408
1971-07-04,1.08408,1.08612,1.08272,1.08301
1971-07-05,1.0841,1.08509,1.08291,1.08346
1971-07-06,1.08345,1.08372,1.07852,1.07907
1971-07-07,1.07906,1.08117,1.07821,1.08039
1971-07-08,1.08033,1.08211,1.07775,1.0783800000000001
1971-07-09,1.07841,1.08634,1.07835,1.08474
1971-07-10,1.08238,1.0872,1.08049,1.08519
1971-07-11,1.08519,1.08901,1.083,1.08806
1971-07-12,1.08806,1.09087,1.08549,1.08812
1971-07-13,1.08813,1.10066,1.08771,1.09998
1971-07-14,1.09998,1.10531,1.09508,1.10293
1971-07-15,1.10438,1.11845,1.10362,1.11331
1971-07-16,1.11327,1.1213,1.10952,1.11716
1971-07-17,1.11716,1.11876,1.10953,1.11348
1971-07-18,1.11344,1.12448,1.11195,1.1237300000000001
1971-07-19,1.12378,1.13546,1.12111,1.12901
1971-07-20,1.13457,1.14955,1.13397,1.14522
1971-07-21,1.14521,1.14579,1.12748,1.12923
1971-07-22,1.12919,1.13666,1.125,1.12607
1971-07-23,1.12602,1.1333199999999999,1.10554,1.11667
1971-07-24,1.11686,1.12211,1.10549,1.11029
1971-07-25,1.11908,1.12364,1.10846,1.1178
1971-07-26,1.11777,1.1189,1.0955,1.10062
1971-07-27,1.10063,1.1045,1.08016,1.09116
1971-07-28,1.09117,1.09817,1.06541,1.06592
1971-07-29,1.06614,1.0830899999999999,1.06375,1.06948
1971-07-30,1.06954,1.08274,1.06355,1.07267
1971-07-31,1.07252,1.0888,1.0725,1.07865
1971-08-01,1.07865,1.08939,1.07601,1.08799
1971-08-02,1.08799,1.10586,1.087,1.10291
1971-08-03,1.1029,1.1147,1.09533,1.11431
1971-08-04,1.11173,1.11439,1.10099,1.1044
1971-08-05,1.1044,1.10537,1.09266,1.10312
1971-08-06,1.10299,1.1039,1.09027,1.09619
1971-08-07,1.09621,1.0968,1.08205,1.08569
1971-08-08,1.08569,1.08641,1.07727,1.08127
1971-08-09,1.08129,1.08354,1.07682,1.0792
1971-08-10,1.0792,1.09259,1.07834,1.08904
1971-08-11,1.08903,1.0902,1.08298,1.08564
1971-08-12,1.08562,1.09515,1.08409,1.09285
1971-08-13,1.09286,1.09522,1.09194,1.09371
1971-08-14,1.09435,1.09676,1.08925,1.09127
1971-08-15,1.09089,1.0987,1.09021,1.09798
1971-08-16,1.09796,1.09907,1.08562,1.09079
1971-08-17,1.09084,1.09111,1.08166,1.08386
1971-08-18,1.08386,1.08925,1.08119,1.08739
1971-08-19,1.08693,1.08965,1.08411,1.08607
1971-08-20,1.08611,1.08801,1.08164,1.08567
1971-08-21,1.08567,1.08851,1.08032,1.08229
1971-08-22,1.08226,1.08466,1.0756000000000001,1.0776
1971-08-23,1.0776,1.08257,1.07269,1.08244
1971-08-24,1.08219,1.08602,1.08112,1.08286
1971-08-25,1.08282,1.08883,1.08096,1.08186
1971-08-26,1.08186,1.08855,1.08179,1.0873599999999999
1971-08-27,1.08753,1.09725,1.08328,1.09539
1971-08-28,1.09539,1.1018,1.09343,1.09802
1971-08-29,1.09692,1.09744,1.08956,1.09058
1971-08-30,1.09063,1.09257,1.08257,1.08388
1971-08-31,1.08388,1.08461,1.07818,1.0793
1971-09-01,1.07934,1.08339,1.07664,1.08331
1971-09-02,1.0834,1.08755,1.0815,1.08384
1971-09-03,1.08258,1.08503,1.08005,1.08061
1971-09-04,1.08059,1.08852,1.07843,1.08472
1971-09-05,1.08475,1.08963,1.08115,1.08176
1971-09-06,1.08176,1.08238,1.07748,1.0804
1971-09-07,1.08042,1.08505,1.07888,1.0818699999999999
1971-09-08,1.08094,1.09269,1.07998,1.09154
1971-09-09,1.09155,1.09759,1.09021,1.09221
1971-09-10,1.09219,1.09989,1.09186,1.09774
1971-09-11,1.09776,1.10082,1.09372,1.09491
1971-09-12,1.09485,1.09536,1.08852,1.09022
1971-09-13,1.08982,1.09144,1.08706,1.0895299999999999
1971-09-14,1.08955,1.09958,1.08919,1.09816
1971-09-15,1.09812,1.10306,1.09339,1.10039
1971-09-16,1.10048,1.10934,1.09917,1.10767
1971-09-17,1.10767,1.1145,1.10698,1.11076
1971-09-18,1.11159,1.11536,1.11003,1.11353
1971-09-19,1.11353,1.11957,1.11151,1.11693
1971-09-20,1.1169,1.12576,1.11665,1.12328
1971-09-21,1.12325,1.13621,1.11947,1.1337
1971-09-22,1.13367,1.13837,1.12782,1.12874
1971-09-23,1.12972,1.13195,1.12682,1.12937
1971-09-24,1.12936,1.13635,1.12409,1.13395
1971-09-25,1.13397,1.14222,1.13215,1.13729
1971-09-26,1.13729,1.14035,1.12886,1.12989
1971-09-27,1.12989,1.13402,1.12125,1.12604
1971-09-28,1.12351,1.13323,1.12263,1.13228
1971-09-29,1.13228,1.13531,1.12276,1.12631
1971-09-30,1.12629,1.12939,1.1207,1.12432
1971-10-01,1.12428,1.12612,1.11854,1.12055
1971-10-02,1.12054,1.12542,1.11681,1.11765
1971-10-03,1.11817,1.12697,1.11684,1.12597
1971-10-04,1.12597,1.13483,1.1233,1.13074
1971-10-05,1.13073,1.13257,1.12483,1.12503
1971-10-06,1.12503,1.12595,1.11902,1.1217
1971-10-07,1.12181,1.1239,1.1195,1.12179
1971-10-08,1.12211,1.12876,1.1217,1.1241
1971-10-09,1.12412,1.12616,1.11907,1.12336
1971-10-10,1.1234,1.1274899999999999,1.11846,1.12507
1971-10-11,1.12507,1.13025,1.12231,1.12388
1971-10-12,1.12391,1.12524,1.12191,1.12482
1971-10-13,1.12431,1.13455,1.12424,1.13089
1971-10-14,1.13087,1.13323,1.12588,1.12727
1971-10-15,1.12725,1.13514,1.12621,1.13293
1971-10-16,1.13292,1.13706,1.12801,1.12846
1971-10-17,1.12845,1.13247,1.12548,1.12965
1971-10-18,1.13037,1.13748,1.13008,1.13435
1971-10-19,1.13431,1.14086,1.1325,1.13993
1971-10-20,1.1399,1.14518,1.1391,1.14113
1971-10-21,1.14113,1.14416,1.13703,1.13834
1971-10-22,1.13832,1.14436,1.13761,1.14258
1971-10-23,1.1414,1.14676,1.14021,1.14466
1971-10-24,1.14467,1.15396,1.14227,1.1526
1971-10-25,1.15258,1.16012,1.15066,1.15688
1971-10-26,1.15689,1.16267,1.15401,1.15954
1971-10-27,1.15953,1.16577,1.1581299999999999,1.16549
1971-10-28,1.16433,1.17811,1.16413,1.1751
1971-10-29,1.17512,1.17736,1.16986,1.1715
1971-10-30,1.17148,1.18059,1.17133,1.17907
1971-10-31,1.1791,1.1848,1.17306,1.1846700000000001
1971-11-01,1.18465,1.19086,1.1761300000000001,1.17713
1971-11-02,1.17741,1.17966,1.16958,1.17617
1971-11-03,1.17633,1.1806,1.17212,1.18028
1971-11-04,1.18026,1.19047,1.1792799999999999,1.18629
1971-11-05,1.18627,1.19161,1.18178,1.18763
1971-11-06,1.18763,1.18827,1.1755,1.17854
1971-11-07,1.17883,1.18005,1.17359,1.17371
1971-11-08,1.17373,1.1807699999999999,1.17217,1.17395
1971-11-09,1.17395,1.18163,1.17109,1.17835
1971-11-10,1.17835,1.1864,1.1779600000000001,1.18131
1971-11-11,1.18126,1.18503,1.17814,1.18413
1971-11-12,1.18402,1.1881,1.18286,1.18698
1971-11-13,1.18698,1.19655,1.18658,1.19305
1971-11-14,1.19306,1.19526,1.18301,1.18385
1971-11-15,1.18361,1.18685,1.1802,1.1859899999999999
1971-11-16,1.1859899999999999,1.18827,1.17541,1.17964
1971-11-17,1.17919,1.18493,1.17841,1.17873
1971-11-18,1.17871,1.18433,1.17842,1.18343
1971-11-19,1.1834,1.18391,1.17723,1.18298
1971-11-20,1.18297,1.19014,1.17622,1.18215
1971-11-21,1.18215,1.19195,1.18109,1.19058
1971-11-22,1.19036,1.19659,1.18841,1.19361
1971-11-23,1.19358,1.20112,1.19011,1.19113
1971-11-24,1.19112,1.19285,1.18222,1.18547
1971-11-25,1.18521,1.18643,1.1789,1.18512
1971-11-26,1.18513,1.18649,1.17808,1.18394
1971-11-27,1.18456,1.18487,1.18112,1.18136
1971-11-28,1.18136,1.18274,1.17653,1.17737
1971-11-29,1.17749,1.18336,1.1752799999999999,1.18025
1971-11-30,1.18026,1.19171,1.17985,1.18146
1971-12-01,1.18145,1.18738,1.18104,1.18461
1971-12-02,1.18362,1.18878,1.18319,1.18643
1971-12-03,1.18648,1.19003,1.18396,1.18462
1971-12-04,1.18465,1.18824,1.17875,1.18155
1971-12-05,1.18156,1.18523,1.17374,1.1847699999999999
1971-12-06,1.18476,1.18703,1.18261,1.18415
1971-12-07,1.18452,1.18717,1.17317,1.17707
1971-12-08,1.17707,1.17737,1.16916,1.17077
1971-12-09,1.17074,1.1719,1.16513,1.16595
1971-12-10,1.1659,1.16868,1.16265,1.16708
1971-12-11,1.16706,1.1685,1.16123,1.16296
1971-12-12,1.16222,1.16799,1.16151,1.1665
1971-12-13,1.1665,1.17453,1.16608,1.17426
1971-12-14,1.1743000000000001,1.17548,1.16848,1.1721
1971-12-15,1.1721,1.17696,1.17171,1.17465
1971-12-16,1.17489,1.17489,1.16957,1.17165
1971-12-17,1.17131,1.17975,1.1706,1.17825
1971-12-18,1.17826,1.1807699999999999,1.17317,1.1733500000000001
1971-12-19,1.17334,1.17817,1.1724999999999999,1.17606
1971-12-20,1.17605,1.17815,1.17326,1.17582
1971-12-21,1.17587,1.18306,1.17542,1.18293
1971-12-22,1.18173,1.18265,1.17866,1.1812
1971-12-23,1.1812,1.18155,1.17306,1.17446
1971-12-24,1.17452,1.1771099999999999,1.17194,1.17452
1971-12-25,1.17452,1.17577,1.16883,1.17073
1971-12-26,1.17073,1.17461,1.16939,1.17158
1971-12-27,1.17187,1.17937,1.17032,1.17695
1971-12-28,1.17695,1.18408,1.17599,1.18211
1971-12-29,1.18214,1.1880600000000001,1.18205,1.18598
1971-12-30,1.18582,1.18669,1.18112,1.18177
1971-12-31,1.18177,1.18647,1.17866,1.18593
1972-01-01,1.18546,1.18553,1.18032,1.18086
1972-01-02,1.18079,1.18388,1.17828,1.17868
1972-01-03,1.17868,1.17879,1.17178,1.17451
1972-01-04,1.17451,1.17587,1.16502,1.1674
1972-01-05,1.1674,1.17041,1.16399,1.16465
1972-01-06,1.16483,1.16558,1.16221,1.16404
1972-01-07,1.16406,1.17397,1.16323,1.1715
1972-01-08,1.1715,1.17703,1.16027,1.17244
1972-01-09,1.17252,1.18598,1.17108,1.18268
1972-01-10,1.18272,1.18909,1.17954,1.18746
1972-01-11,1.18881,1.192,1.17951,1.18127
1972-01-12,1.18124,1.18432,1.1779600000000001,1.18136
1972-01-13,1.18138,1.1832799999999999,1.17455,1.17771
1972-01-14,1.17771,1.18231,1.17586,1.18049
1972-01-15,1.18047,1.18372,1.1798899999999999,1.18326
1972-01-16,1.1837900000000001,1.18688,1.18141,1.18516
1972-01-17,1.18509,1.18939,1.18423,1.18612
1972-01-18,1.18607,1.18909,1.18491,1.18526
1972-01-19,1.18526,1.18825,1.18163,1.1874500000000001
1972-01-20,1.1874500000000001,1.18908,1.18499,1.18593
1972-01-21,1.1852800000000001,1.19057,1.17999,1.18399
1972-01-22,1.18399,1.1896,1.1835499999999999,1.18905
1972-01-23,1.18922,1.19296,1.1882,1.19157
1972-01-24,1.19157,1.19408,1.18854,1.19127
1972-01-25,1.19125,1.1963,1.19066,1.19605
1972-01-26,1.19613,1.20032,1.19236,1.19256
1972-01-27,1.19261,1.20766,1.19252,1.20692
1972-01-28,1.20691,1.21184,1.204,1.21137
1972-01-29,1.21136,1.21746,1.21011,1.21454
1972-01-30,1.21462,1.21773,1.211,1.21201
1972-01-31,1.21253,1.21664,1.20787,1.21091
1972-02-01,1.21091,1.21338,1.20956,1.21022
1972-02-02,1.21022,1.21473,1.20585,1.20802
1972-02-03,1.20789,1.21589,1.20744,1.21398
1972-02-04,1.21361,1.21628,1.21054,1.21126
1972-02-05,1.21357,1.21766,1.21156,1.21432
1972-02-06,1.21432,1.21686,1.21211,1.21505
1972-02-07,1.21489,1.22123,1.21248,1.21985
1972-02-08,1.21983,1.22728,1.21897,1.22665
1972-02-09,1.22665,1.22719,1.22255,1.22542
1972-02-10,1.22208,1.22529,1.21296,1.22434
1972-02-11,1.22434,1.22572,1.2152,1.21616
1972-02-12,1.21618,1.22212,1.2154,1.2186
1972-02-13,1.21857,1.22157,1.21774,1.21808
1972-02-14,1.2190699999999999,1.22504,1.2181,1.2216
1972-02-15,1.2216,1.22749,1.2207,1.22482
1972-02-16,1.22471,1.23099,1.22469,1.22961
1972-02-17,1.22963,1.23093,1.22151,1.22168
1972-02-18,1.22401,1.23096,1.22304,1.22473
1972-02-19,1.22466,1.23055,1.22432,1.22965
1972-02-20,1.22968,1.23495,1.22658,1.23252
1972-02-21,1.2325599999999999,1.23442,1.22452,1.2271
1972-02-22,1.22713,1.22845,1.2193100000000001,1.22218
1972-02-23,1.2214800000000001,1.22289,1.21323,1.21497
1972-02-24,1.21498,1.2209699999999999,1.21372,1.22062
1972-02-25,1.22064,1.22229,1.21398,1.21568
1972-02-26,1.21568,1.21783,1.21112,1.2154
1972-02-27,1.2154,1.21625,1.2075,1.20767
1972-02-28,1.2078,1.20868,1.20536,1.20758
1972-02-29,1.20757,1.21449,1.20739,1.21284
1972-03-01,1.21281,1.21582,1.20768,1.21046
1972-03-02,1.21045,1.21731,1.2103,1.2164
1972-03-03,1.21586,1.21894,1.21515,1.21704
1972-03-04,1.21645,1.21833,1.2116,1.21372
1972-03-05,1.21374,1.2176,1.21078,1.21597
1972-03-06,1.21598,1.2169699999999999,1.20584,1.21096
1972-03-07,1.21086,1.21421,1.20805,1.2121
1972-03-08,1.21209,1.2156,1.20943,1.21353
1972-03-09,1.21314,1.21364,1.20561,1.20594
1972-03-10,1.20594,1.20876,1.20117,1.20428
1972-03-11,1.20423,1.205,1.20042,1.20351
1972-03-12,1.20349,1.20428,1.19574,1.1962
1972-03-13,1.19618,1.20498,1.19522,1.20492
1972-03-14,1.20392,1.20659,1.20196,1.20493
1972-03-15,1.20484,1.21221,1.20472,1.21174
1972-03-16,1.21173,1.2144,1.21088,1.21172
1972-03-17,1.21172,1.21495,1.21135,1.21303
1972-03-18,1.21303,1.21349,1.20814,1.21189
1972-03-19,1.21243,1.21451,1.21166,1.21274
1972-03-20,1.21271,1.21694,1.2095,1.2105299999999999
1972-03-21,1.21047,1.21089,1.20234,1.20374
1972-03-22,1.20351,1.20944,1.2035,1.20908
1972-03-23,1.20908,1.21444,1.20823,1.21174
1972-03-24,1.21184,1.21694,1.20912,1.21554
1972-03-25,1.21564,1.21802,1.21353,1.21493
1972-03-26,1.21493,1.21747,1.21093,1.21665
1972-03-27,1.21637,1.22434,1.2156,1.21744
1972-03-28,1.2173,1.21828,1.20622,1.20727
1972-03-29,1.20705,1.21012,1.20278,1.20488
1972-03-30,1.20488,1.20944,1.19915,1.20893
1972-03-31,1.20898,1.2113,1.20427,1.20627
1972-04-01,1.20627,1.20662,1.19616,1.1969400000000001
1972-04-02,1.1968,1.19767,1.1892800000000001,1.1912
1972-04-03,1.19174,1.19321,1.18442,1.1846
1972-04-04,1.1846,1.19157,1.18356,1.19001
1972-04-05,1.19001,1.19298,1.18687,1.19284
1972-04-06,1.19283,1.199,1.19157,1.19851
1972-04-07,1.1985000000000001,1.19886,1.19098,1.19519
1972-04-08,1.19524,1.19674,1.1911100000000001,1.19272
1972-04-09,1.19272,1.19517,1.18822,1.19009
1972-04-10,1.19016,1.19852,1.18863,1.19802
1972-04-11,1.19802,1.1989,1.19062,1.19135
1972-04-12,1.19135,1.19372,1.18738,1.19044
1972-04-13,1.18874,1.19467,1.18743,1.19332
1972-04-14,1.19335,1.19407,1.18423,1.1848
1972-04-15,1.18475,1.18516,1.18097,1.18123
1972-04-16,1.18122,1.18277,1.17618,1.17677
1972-04-17,1.17683,1.18049,1.17678,1.17933
1972-04-18,1.17905,1.17938,1.17607,1.17642
1972-04-19,1.1764000000000001,1.17736,1.17115,1.17169
1972-04-20,1.17168,1.17598,1.17042,1.17298
1972-04-21,1.17298,1.17799,1.17124,1.17759
1972-04-22,1.1776,1.17865,1.17488,1.17612
1972-04-23,1.17551,1.1819600000000001,1.17378,1.18126
1972-04-24,1.18125,1.18775,1.1795200000000001,1.18742
1972-04-25,1.18741,1.19147,1.18609,1.18672
1972-04-26,1.18669,1.19273,1.18606,1.19124
1972-04-27,1.1912099999999999,1.19202,1.18672,1.1901
1972-04-28,1.18916,1.1919,1.18711,1.19099
1972-04-29,1.19098,1.19559,1.18776,1.19474
1972-04-30,1.19473,1.19874,1.19467,1.19784
1972-05-01,1.19782,1.19933,1.19561,1.19658
1972-05-02,1.19657,1.1994799999999999,1.19504,1.19809
1972-05-03,1.1973,1.2048,1.1942599999999999,1.2037
1972-05-04,1.2037,1.20798,1.20225,1.20347
1972-05-05,1.20346,1.20436,1.19985,1.2034799999999999
1972-05-06,1.20345,1.20696,1.19936,1.20143
1972-05-07,1.20143,1.20999,1.20128,1.20972
1972-05-08,1.2092100000000001,1.21169,1.20612,1.20845
1972-05-09,1.20854,1.20928,1.20567,1.20895
1972-05-10,1.209,1.2134800000000001,1.20562,1.21253
1972-05-11,1.21252,1.21501,1.21021,1.21197
1972-05-12,1.21201,1.21266,1.20166,1.20208
1972-05-13,1.20284,1.20759,1.20128,1.20639
1972-05-14,1.2064,1.20649,1.19992,1.20132
1972-05-15,1.20128,1.20268,1.19862,1.20041
1972-05-16,1.20041,1.20716,1.19931,1.20645
1972-05-17,1.20649,1.21713,1.2053,1.21618
1972-05-18,1.21647,1.21783,1.21278,1.21282
1972-05-19,1.21282,1.21817,1.2123,1.21481
1972-05-20,1.21482,1.21521,1.20656,1.20707
1972-05-21,1.20732,1.21061,1.20515,1.20793
1972-05-22,1.20791,1.21476,1.20709,1.2144300000000001
1972-05-23,1.21429,1.2168700000000001,1.2126000000000001,1.21517
1972-05-24,1.21527,1.22338,1.2150400000000001,1.2222
1972-05-25,1.22223,1.22455,1.21598,1.21749
1972-05-26,1.21752,1.2229,1.2169,1.22273
1972-05-27,1.22274,1.22399,1.2161,1.21806
1972-05-28,1.21798,1.223,1.21723,1.22157
1972-05-29,1.22154,1.22664,1.22117,1.22508
1972-05-30,1.22502,1.22629,1.2182,1.21923
1972-05-31,1.21915,1.22151,1.21752,1.21942
1972-06-01,1.21943,1.2205,1.21327,1.21896
1972-06-02,1.22003,1.22314,1.21833,1.2226
1972-06-03,1.22264,1.22543,1.22118,1.22128
1972-06-04,1.22126,1.22265,1.21642,1.22102
1972-06-05,1.221,1.22143,1.21183,1.21272
1972-06-06,1.2127,1.21855,1.21041,1.2166
1972-06-07,1.21634,1.22018,1.21451,1.21893
1972-06-08,1.21893,1.21942,1.21643,1.21729
1972-06-09,1.21727,1.22179,1.21711,1.21798
1972-06-10,1.21797,1.21949,1.21433,1.21752
1972-06-11,1.21754,1.2193100000000001,1.20927,1.21063
1972-06-12,1.21037,1.21303,1.20942,1.212
1972-06-13,1.2119,1.21473,1.21013,1.21264
1972-06-14,1.21256,1.2134800000000001,1.19941,1.19943
1972-06-15,1.19939,1.20064,1.18918,1.19069
1972-06-16,1.19056,1.19251,1.18472,1.18597
1972-06-17,1.18579,1.19213,1.1847699999999999,1.19174
1972-06-18,1.19166,1.19526,1.18809,1.19413
1972-06-19,1.19378,1.19703,1.19116,1.19258
1972-06-20,1.19254,1.19563,1.19176,1.19316
1972-06-21,1.19311,1.19751,1.19264,1.1937
1972-06-22,1.19289,1.19445,1.19025,1.19242
1972-06-23,1.19231,1.19298,1.18777,1.1896
1972-06-24,1.18954,1.1909,1.18452,1.1856
1972-06-25,1.18559,1.18842,1.18374,1.18497
1972-06-26,1.18491,1.18743,1.1807,1.18646
1972-06-27,1.18613,1.18805,1.18515,1.18634
1972-06-28,1.18619,1.1895,1.18069,1.18235
1972-06-29,1.1823,1.18363,1.17816,1.17903
1972-06-30,1.17899,1.18678,1.17837,1.18449
1972-07-01,1.1844000000000001,1.18811,1.18251,1.18774
1972-07-02,1.18748,1.18802,1.18361,1.18606
1972-07-03,1.18593,1.18752,1.17723,1.17761
1972-07-04,1.17755,1.18388,1.17719,1.18358
1972-07-05,1.18349,1.18506,1.17962,1.18118
1972-07-06,1.18118,1.18224,1.17922,1.18055
1972-07-07,1.18078,1.18243,1.17639,1.17987
1972-07-08,1.17996,1.18025,1.17558,1.17805
1972-07-09,1.17797,1.18047,1.17519,1.17946
1972-07-10,1.17906,1.18303,1.17575,1.17707
1972-07-11,1.17705,1.17865,1.17543,1.1769
1972-07-12,1.17722,1.18173,1.17635,1.1803
1972-07-13,1.1803,1.18411,1.1770100000000001,1.18165
1972-07-14,1.18159,1.18494,1.17722,1.18441
1972-07-15,1.18431,1.1892800000000001,1.18386,1.18865
1972-07-16,1.18858,1.19087,1.18517,1.1873
1972-07-17,1.18659,1.18969,1.1859,1.18688
1972-07-18,1.1867,1.18933,1.18537,1.18637
1972-07-19,1.18631,1.18997,1.1832799999999999,1.18366
1972-07-20,1.18363,1.1857199999999999,1.18282,1.18327
1972-07-21,1.18327,1.18352,1.17544,1.17611
1972-07-22,1.17593,1.1769,1.17348,1.17362
1972-07-23,1.17358,1.17429,1.17098,1.17203
1972-07-24,1.17184,1.1754,1.17061,1.17387
1972-07-25,1.1738,1.17482,1.17237,1.17295
1972-07-26,1.17286,1.18048,1.17281,1.17962
1972-07-27,1.17958,1.18007,1.17673,1.17768
1972-07-28,1.1776200000000001,1.17846,1.17081,1.17083
1972-07-29,1.17088,1.17425,1.16937,1.17109
1972-07-30,1.1709100000000001,1.17176,1.16657,1.16756
1972-07-31,1.1675200000000001,1.17045,1.16639,1.16996
1972-08-01,1.16944,1.17503,1.16912,1.1745700000000001
1972-08-02,1.17438,1.1764999999999999,1.17273,1.17569
1972-08-03,1.17522,1.17743,1.17261,1.17717
1972-08-04,1.17706,1.1779,1.17459,1.17514
1972-08-05,1.17511,1.18026,1.1735,1.1795499999999999
1972-08-06,1.1794,1.18099,1.17829,1.17962
1972-08-07,1.17959,1.1844999999999999,1.17939,1.18083
1972-08-08,1.18078,1.1857199999999999,1.17936,1.18384
1972-08-09,1.18374,1.18759,1.18343,1.18744
1972-08-10,1.18739,1.19091,1.1865700000000001,1.18772
1972-08-11,1.18783,1.18862,1.18557,1.18701
1972-08-12,1.18675,1.18852,1.18373,1.18402
1972-08-13,1.18356,1.18512,1.1802,1.1815
1972-08-14,1.1813500000000001,1.18413,1.18052,1.18244
1972-08-15,1.18229,1.1851,1.18091,1.18107
1972-08-16,1.18141,1.18171,1.17702,1.18104
1972-08-17,1.18091,1.1846,1.18001,1.18025
1972-08-18,1.1801300000000001,1.1832,1.1799,1.18166
1972-08-19,1.18153,1.1820599999999999,1.17506,1.17652
1972-08-20,1.17675,1.17888,1.17241,1.1724999999999999
1972-08-21,1.17265,1.17363,1.17004,1.17257
1972-08-22,1.17248,1.17486,1.17149,1.17252
1972-08-23,1.17241,1.17557,1.16846,1.16866
1972-08-24,1.1686,1.175,1.16835,1.17381
1972-08-25,1.17379,1.17476,1.17007,1.17206
1972-08-26,1.17231,1.17253,1.16848,1.16952
1972-08-27,1.1694,1.17032,1.16682,1.16825
1972-08-28,1.16824,1.16901,1.15894,1.1596899999999999
1972-08-29,1.15963,1.16097,1.15626,1.15768
1972-08-30,1.1574,1.16075,1.1562999999999999,1.15927
1972-08-31,1.15967,1.16401,1.15876,1.16193
1972-09-01,1.16184,1.16216,1.15805,1.15971
1972-09-02,1.1595900000000001,1.16024,1.15292,1.15556
1972-09-03,1.15538,1.15723,1.1547399999999999,1.15528
1972-09-04,1.15528,1.15861,1.15414,1.15737
1972-09-05,1.15692,1.15867,1.15487,1.15517
1972-09-06,1.15522,1.15702,1.15243,1.15295
1972-09-07,1.15294,1.15973,1.1525,1.1594
1972-09-08,1.15903,1.16245,1.15839,1.15958
1972-09-09,1.15949,1.16186,1.1588,1.15981
1972-09-10,1.15953,1.16224,1.15717,1.16097
1972-09-11,1.16088,1.16692,1.16074,1.1632500000000001
1972-09-12,1.16304,1.16586,1.1617,1.16505
1972-09-13,1.16478,1.16675,1.16192,1.16224
1972-09-14,1.16208,1.16555,1.16194,1.16437
1972-09-15,1.16424,1.16651,1.15907,1.1608100000000001
1972-09-16,1.16076,1.16257,1.15848,1.15957
1972-09-17,1.15955,1.16257,1.15848,1.16026
1972-09-18,1.16023,1.1692,1.15824,1.16802
1972-09-19,1.16776,1.16902,1.15353,1.1562000000000001
1972-09-20,1.1558,1.1609,1.1546,1.16041
1972-09-21,1.16025,1.16133,1.15753,1.1578
1972-09-22,1.1577,1.16161,1.15622,1.16131
1972-09-23,1.1611,1.16162,1.15284,1.15537
1972-09-24,1.15537,1.1573,1.1513200000000001,1.15665
1972-09-25,1.15606,1.1595,1.15503,1.15863
1972-09-26,1.15846,1.16087,1.15697,1.15928
1972-09-27,1.15923,1.15953,1.14756,1.14783
1972-09-28,1.14774,1.14876,1.14429,1.14495
1972-09-29,1.14484,1.14623,1.14328,1.1442700000000001
1972-09-30,1.14458,1.14641,1.13562,1.1367099999999999
1972-10-01,1.1366100000000001,1.13855,1.13089,1.13194
1972-10-02,1.13184,1.13324,1.12632,1.13187
1972-10-03,1.13177,1.13741,1.13138,1.13704
1972-10-04,1.13686,1.13724,1.12497,1.12829
1972-10-05,1.12876,1.12901,1.12307,1.12362
1972-10-06,1.12352,1.1275,1.1226,1.12473
1972-10-07,1.12461,1.12555,1.11862,1.11982
1972-10-08,1.1196,1.12299,1.11958,1.12083
1972-10-09,1.1206,1.13303,1.12045,1.13215
1972-10-10,1.13069,1.13112,1.12584,1.12902
1972-10-11,1.12883,1.1383,1.12355,1.1338
1972-10-12,1.1335,1.13597,1.13025,1.13193
1972-10-13,1.1317599999999999,1.1347800000000001,1.12952,1.13006
1972-10-14,1.12996,1.13337,1.12666,1.13083
1972-10-15,1.12976,1.13104,1.12665,1.12847
1972-10-16,1.12821,1.1298300000000001,1.12274,1.12671
1972-10-17,1.12658,1.1354899999999999,1.12634,1.13418
1972-10-18,1.13407,1.1345,1.12784,1.12924
1972-10-19,1.12919,1.13242,1.12649,1.13162
1972-10-20,1.13126,1.1319,1.12599,1.12842
1972-10-21,1.12807,1.1323699999999999,1.12537,1.12583
1972-10-22,1.12575,1.12992,1.12218,1.12919
1972-10-23,1.1290499999999999,1.13602,1.12811,1.13296
1972-10-24,1.13289,1.13489,1.12344,1.12372
1972-10-25,1.12374,1.13039,1.12342,1.12769
1972-10-26,1.12743,1.1302699999999999,1.1261,1.12822
1972-10-27,1.1282,1.13423,1.12642,1.13258
1972-10-28,1.13246,1.13422,1.12902,1.13272
1972-10-29,1.1326100000000001,1.13436,1.13062,1.13197
